Article Number,Sentiment Type,Sentiment Score,Sentiment Magnitude,Entity Name,Entity Type,Entity Salience,Entity Sentiment Score,Entity Sentiment Magnitude
1,Document,-0.3,6.9,task force,ORGANIZATION,0.052871265,0.0,0.1
1,Document,-0.3,6.9,people,PERSON,0.04501726,0.0,0.1
1,Document,-0.3,6.9,plea bargain,OTHER,0.039642327,0.0,0.0
1,Document,-0.3,6.9,report,WORK_OF_ART,0.039642327,0.0,0.0
1,Document,-0.3,6.9,Lucian Dervan,PERSON,0.037999354,0.0,0.0
1,Document,-0.3,6.9,cases,OTHER,0.034873422,0.0,0.0
1,Document,-0.3,6.9,practice,OTHER,0.031838004,0.0,0.0
1,Document,-0.3,6.9,innocence,OTHER,0.031838004,0.0,0.0
1,Document,-0.3,6.9,research,OTHER,0.030933432,-0.1,0.4
1,Document,-0.3,6.9,98%,OTHER,0.030493187,0.0,0.0
1,Document,-0.3,6.9,courts,LOCATION,0.027998643,0.0,0.0
1,Document,-0.3,6.9,prizes efficiency,OTHER,0.027998643,0.0,0.0
1,Document,-0.3,6.9,fairness,OTHER,0.027998643,0.0,0.0
1,Document,-0.3,6.9,defendants,PERSON,0.022732,0.0,0.0
1,Document,-0.3,6.9,pleas,OTHER,0.022516219,0.0,0.0
1,Document,-0.3,6.9,defendants,PERSON,0.021423718,-0.1,0.3
1,Document,-0.3,6.9,prosecutors,PERSON,0.01914076,0.0,0.0
1,Document,-0.3,6.9,American Bar Association,ORGANIZATION,0.015598441,0.0,0.0
1,Document,-0.3,6.9,judges,PERSON,0.015350625,0.0,0.0
1,Document,-0.3,6.9,defense attorneys,PERSON,0.015350625,0.0,0.0
1,Document,-0.3,6.9,evidence,OTHER,0.013490021,0.0,0.0
1,Document,-0.3,6.9,academics,PERSON,0.013490021,0.0,0.0
1,Document,-0.3,6.9,defendants,PERSON,0.011657483,0.0,0.0
1,Document,-0.3,6.9,Pleas,OTHER,0.011286489,0.0,0.0
1,Document,-0.3,6.9,defense attorneys,PERSON,0.009969308,0.0,0.1
1,Document,-0.3,6.9,interviews,WORK_OF_ART,0.008758954,0.0,0.1
1,Document,-0.3,6.9,U.S.,LOCATION,0.00870399,0.0,0.0
1,Document,-0.3,6.9,Trials,EVENT,0.007922965,0.0,0.0
1,Document,-0.3,6.9,trials,EVENT,0.007895015,0.0,0.0
1,Document,-0.3,6.9,report,WORK_OF_ART,0.007227353,0.0,0.0
1,Document,-0.3,6.9,people,PERSON,0.006296743,-0.1,0.2
1,Document,-0.3,6.9,punishments,OTHER,0.0062689604,0.0,0.0
1,Document,-0.3,6.9,sentences,OTHER,0.005820377,0.0,0.0
1,Document,-0.3,6.9,system,OTHER,0.0057709925,0.0,0.0
1,Document,-0.3,6.9,justice system,OTHER,0.005621829,0.0,0.0
1,Document,-0.3,6.9,power prosecutors,PERSON,0.0056111338,0.0,0.0
1,Document,-0.3,6.9,states,LOCATION,0.0055620284,0.0,0.0
1,Document,-0.3,6.9,bail requirements,OTHER,0.005440467,0.0,0.0
1,Document,-0.3,6.9,artifacts,OTHER,0.005409983,0.0,0.0
1,Document,-0.3,6.9,trial,EVENT,0.005348004,0.0,0.0
1,Document,-0.3,6.9,defendants,PERSON,0.0053402646,-0.1,0.1
1,Document,-0.3,6.9,others,PERSON,0.005087407,0.0,0.0
1,Document,-0.3,6.9,jurisdictions,LOCATION,0.005087407,0.0,0.0
1,Document,-0.3,6.9,number,OTHER,0.0050694426,0.0,0.0
1,Document,-0.3,6.9,practice,OTHER,0.0050683506,0.0,0.0
1,Document,-0.3,6.9,mistakes,OTHER,0.004904309,0.0,0.0
1,Document,-0.3,6.9,trial,EVENT,0.0048934957,0.0,0.0
1,Document,-0.3,6.9,prosecutors,PERSON,0.0048710196,-0.2,0.2
1,Document,-0.3,6.9,prospect,OTHER,0.004841404,0.0,0.0
1,Document,-0.3,6.9,plea bargaining,OTHER,0.0048355367,0.0,0.0
1,Document,-0.3,6.9,plea deals,OTHER,0.0047806194,0.0,0.0
1,Document,-0.3,6.9,report,WORK_OF_ART,0.0045016594,0.0,0.0
1,Document,-0.3,6.9,report,WORK_OF_ART,0.0044582174,0.0,0.0
1,Document,-0.3,6.9,government case,OTHER,0.004284914,0.0,0.0
1,Document,-0.3,6.9,cases,OTHER,0.003925715,-0.1,0.1
1,Document,-0.3,6.9,materials,OTHER,0.003908275,0.0,0.0
1,Document,-0.3,6.9,access,OTHER,0.003908275,0.0,0.0
1,Document,-0.3,6.9,deals,OTHER,0.0039026164,-0.1,0.1
1,Document,-0.3,6.9,ABA Plea Bargain Task Force,ORGANIZATION,0.0036537338,0.0,0.0
1,Document,-0.3,6.9,sentence,OTHER,0.0035759716,0.0,0.0
1,Document,-0.3,6.9,task force,ORGANIZATION,0.0035414158,0.0,0.0
1,Document,-0.3,6.9,government misconduct,OTHER,0.0034328944,-0.1,0.1
1,Document,-0.3,6.9,strength,OTHER,0.0034328944,0.0,0.0
1,Document,-0.3,6.9,misbehavior,OTHER,0.0034328944,-0.1,0.1
1,Document,-0.3,6.9,inequality,OTHER,0.0034279234,-0.1,0.1
1,Document,-0.3,6.9,outcomes,OTHER,0.0034029402,0.0,0.0
1,Document,-0.3,6.9,certainty,OTHER,0.0034029402,0.0,0.0
1,Document,-0.3,6.9,money,OTHER,0.0034029402,0.0,0.0
1,Document,-0.3,6.9,way,OTHER,0.0034029402,0.0,0.0
1,Document,-0.3,6.9,cost,OTHER,0.0033964925,0.0,0.0
1,Document,-0.3,6.9,trial rates,OTHER,0.0033781389,0.0,0.0
1,Document,-0.3,6.9,police,PERSON,0.003349452,0.0,0.0
1,Document,-0.3,6.9,plea bargains,OTHER,0.003341637,0.0,0.0
1,Document,-0.3,6.9,task force,ORGANIZATION,0.0031523078,0.0,0.0
1,Document,-0.3,6.9,charges,OTHER,0.0031450407,-0.2,0.2
1,Document,-0.3,6.9,drug,CONSUMER_GOOD,0.0031450407,-0.1,0.1
1,Document,-0.3,6.9,gun,CONSUMER_GOOD,0.0031450407,-0.1,0.1
1,Document,-0.3,6.9,trial penalty,OTHER,0.0031409662,0.0,0.0
1,Document,-0.3,6.9,advice,OTHER,0.0031372847,-0.1,0.1
1,Document,-0.3,6.9,lawyers,PERSON,0.0031372847,-0.1,0.1
1,Document,-0.3,6.9,research,OTHER,0.0031053077,0.0,0.0
1,Document,-0.3,6.9,New York,LOCATION,0.0029967232,0.0,0.0
1,Document,-0.3,6.9,Texas,LOCATION,0.0029967232,0.0,0.0
1,Document,-0.3,6.9,need,OTHER,0.0029351085,0.0,0.0
1,Document,-0.3,6.9,plea,OTHER,0.002753971,0.0,0.0
1,Document,-0.3,6.9,states,LOCATION,0.0026811315,0.0,0.0
1,Document,-0.3,6.9,discovery materials,OTHER,0.0026770048,0.0,0.0
1,Document,-0.3,6.9,data,OTHER,0.0026770048,0.0,0.0
1,Document,-0.3,6.9,prevalence,OTHER,0.0025641236,0.0,0.0
1,Document,-0.3,6.9,defendants,PERSON,0.00256239,0.0,0.0
1,Document,-0.3,6.9,trials,EVENT,0.002359018,0.0,0.0
1,Document,-0.3,6.9,laws,OTHER,0.0023548908,0.0,0.0
1,Document,-0.3,6.9,ethics rules,OTHER,0.0023548908,0.0,0.0
1,Document,-0.3,6.9,work,OTHER,0.002353021,0.0,0.0
1,Document,-0.3,6.9,prosecutors,PERSON,0.002337035,0.0,0.0
1,Document,-0.3,6.9,report,WORK_OF_ART,0.002337035,0.0,0.0
1,Document,-0.3,6.9,need,OTHER,0.002054079,0.0,0.0
1,Document,-0.3,6.9,rights,OTHER,0.0020526343,0.0,0.0
1,Document,-0.3,6.9,right,OTHER,0.0020526343,0.0,0.0
1,Document,-0.3,6.9,right,OTHER,0.0020526343,0.0,0.0
1,Document,-0.3,6.9,access,OTHER,0.002041985,0.0,0.0
1,Document,-0.3,6.9,Nashville,LOCATION,0.0020321659,0.0,0.0
1,Document,-0.3,6.9,Belmont University College of Law,ORGANIZATION,0.0020321659,0.0,0.0
1,Document,-0.3,6.9,Ariz.,LOCATION,0.0020156354,0.0,0.0
1,Document,-0.3,6.9,Santa Cruz County,LOCATION,0.0020156354,0.0,0.0
1,Document,-0.3,6.9,Pennsylvania,LOCATION,0.0019964525,0.0,0.0
1,Document,-0.3,6.9,need,OTHER,0.00195539,0.0,0.0
1,Document,-0.3,6.9,judges,PERSON,0.0018720815,0.0,0.0
1,Document,-0.3,6.9,recommendations,OTHER,0.0018609393,0.0,0.0
1,Document,-0.3,6.9,information,OTHER,0.0018144046,0.0,0.0
1,Document,-0.3,6.9,task,OTHER,0.0018087456,0.0,0.0
1,Document,-0.3,6.9,someone,PERSON,0.0016453873,0.0,0.0
1,Document,-0.3,6.9,detention,OTHER,0.0016453873,0.0,0.0
1,Document,-0.3,6.9,illness,OTHER,0.0016442299,0.0,0.0
1,Document,-0.3,6.9,release,EVENT,0.0016442299,0.0,0.0
1,Document,-0.3,6.9,reasons,OTHER,0.0016442299,0.0,0.0
1,Document,-0.3,6.9,Plea Bargaining Institute,ORGANIZATION,0.0013904124,0.0,0.0
1,Document,-0.3,6.9,database,OTHER,0.001366089,0.0,0.0
1,Document,-0.3,6.9,claims,OTHER,0.0013012796,0.0,0.0
1,Document,-0.3,6.9,effect,OTHER,0.0011772894,0.0,0.0
1,Document,-0.3,6.9,community,PERSON,0.0011762157,0.0,0.0
1,Document,-0.3,6.9,community,PERSON,0.0011762157,0.0,0.0
1,Document,-0.3,6.9,effect,OTHER,0.0011762157,0.0,0.0
1,Document,-0.3,6.9,dozens,PERSON,0.0010349902,0.0,0.0
1,Document,-0.3,6.9,exonerations,OTHER,0.0010349902,0.0,0.0
1,Document,-0.3,6.9,individuals,PERSON,0.0010339705,0.0,0.0
1,Document,-0.3,6.9,safety,OTHER,0.0010330274,0.0,0.0
1,Document,-0.3,6.9,Innocence Project,OTHER,0.00061146595,0.0,0.0
1,Document,-0.3,6.9,changes,OTHER,0.00050529087,0.0,0.0
2,Document,-0.3,27.0,U.S.,LOCATION,0.084919274,0.0,0.3
2,Document,-0.3,27.0,South Asian Americans,PERSON,0.023413373,0.0,0.0
2,Document,-0.3,27.0,caste,OTHER,0.022722345,0.0,0.0
2,Document,-0.3,27.0,caste discrimination,OTHER,0.021578396,0.0,0.0
2,Document,-0.3,27.0,resident,PERSON,0.019442905,0.0,0.1
2,Document,-0.3,27.0,city,LOCATION,0.018738342,0.0,0.0
2,Document,-0.3,27.0,city,LOCATION,0.017625803,0.0,0.0
2,Document,-0.3,27.0,activists,PERSON,0.017415196,-0.1,0.2
2,Document,-0.3,27.0,laws,OTHER,0.015490688,0.0,0.0
2,Document,-0.3,27.0,law,OTHER,0.014652005,0.0,0.0
2,Document,-0.3,27.0,movement,OTHER,0.014630392,0.0,0.0
2,Document,-0.3,27.0,first,OTHER,0.014616443,0.0,0.0
2,Document,-0.3,27.0,room,LOCATION,0.013211813,-0.1,0.2
2,Document,-0.3,27.0,boundaries,OTHER,0.013204714,0.0,0.0
2,Document,-0.3,27.0,SEATTLE,LOCATION,0.013006797,0.0,0.3
2,Document,-0.3,27.0,Kshama Sawant,PERSON,0.012826856,0.0,0.4
2,Document,-0.3,27.0,world,LOCATION,0.012419885,0.0,0.0
2,Document,-0.3,27.0,caste discrimination,OTHER,0.011838821,0.0,0.0
2,Document,-0.3,27.0,caste discrimination,OTHER,0.011431631,0.0,0.0
2,Document,-0.3,27.0,caste,OTHER,0.0109363645,0.0,0.0
2,Document,-0.3,27.0,India,LOCATION,0.010531637,0.0,0.0
2,Document,-0.3,27.0,Seattle City Council,ORGANIZATION,0.01041851,0.0,0.0
2,Document,-0.3,27.0,discrimination,OTHER,0.010383655,0.0,0.0
2,Document,-0.3,27.0,Sara Nelson,PERSON,0.010360592,-0.1,0.7
2,Document,-0.3,27.0,caste discrimination,OTHER,0.010295684,0.0,0.0
2,Document,-0.3,27.0,caste discrimination,OTHER,0.010295684,0.0,0.0
2,Document,-0.3,27.0,council,ORGANIZATION,0.010098392,0.0,0.0
2,Document,-0.3,27.0,system,OTHER,0.009860458,0.0,0.1
2,Document,-0.3,27.0,communities,LOCATION,0.009531557,0.0,0.0
2,Document,-0.3,27.0,community,OTHER,0.009484223,0.0,0.0
2,Document,-0.3,27.0,community,OTHER,0.009450782,0.0,0.0
2,Document,-0.3,27.0,Thenmozhi Soundararajan,PERSON,0.009039395,0.0,0.3
2,Document,-0.3,27.0,ordinance,OTHER,0.008634839,0.0,0.0
2,Document,-0.3,27.0,Srikrishna,PERSON,0.008367694,-0.1,1.5
2,Document,-0.3,27.0,South Asia,LOCATION,0.008350308,0.0,0.7
2,Document,-0.3,27.0,time,OTHER,0.0076778885,0.0,0.0
2,Document,-0.3,27.0,vote,OTHER,0.007382972,0.0,0.0
2,Document,-0.3,27.0,laws,OTHER,0.007382972,0.0,0.0
2,Document,-0.3,27.0,people,PERSON,0.007024788,0.0,0.0
2,Document,-0.3,27.0,diaspora,OTHER,0.007024788,0.0,0.0
2,Document,-0.3,27.0,ordinance,OTHER,0.0069602705,0.0,0.0
2,Document,-0.3,27.0,message,OTHER,0.0064822026,0.3,0.7
2,Document,-0.3,27.0,community,OTHER,0.006109155,0.0,0.0
2,Document,-0.3,27.0,descent,OTHER,0.005966766,0.0,0.0
2,Document,-0.3,27.0,division,ORGANIZATION,0.005966766,0.0,0.0
2,Document,-0.3,27.0,birth,OTHER,0.005966766,0.0,0.0
2,Document,-0.3,27.0,Ambedkar,PERSON,0.005932131,0.0,0.0
2,Document,-0.3,27.0,majority,PERSON,0.0059161396,0.0,0.0
2,Document,-0.3,27.0,protections,OTHER,0.0058438554,0.0,0.0
2,Document,-0.3,27.0,activists,PERSON,0.0052876053,0.0,0.0
2,Document,-0.3,27.0,pushback,OTHER,0.005215366,0.0,0.0
2,Document,-0.3,27.0,legislation,WORK_OF_ART,0.005215366,0.0,0.0
2,Document,-0.3,27.0,hearing,EVENT,0.0051969495,0.0,0.0
2,Document,-0.3,27.0,sides,OTHER,0.0051827095,0.0,0.0
2,Document,-0.3,27.0,speakers,PERSON,0.005006787,0.0,0.1
2,Document,-0.3,27.0,tech sector,OTHER,0.004970728,0.0,0.0
2,Document,-0.3,27.0,Calls,OTHER,0.004928878,0.0,0.0
2,Document,-0.3,27.0,Shobha Swamy,PERSON,0.004627992,-0.4,1.4
2,Document,-0.3,27.0,cheers,OTHER,0.0042493828,0.0,0.0
2,Document,-0.3,27.0,Harvard University,ORGANIZATION,0.0041993908,0.0,0.0
2,Document,-0.3,27.0,ordinance,OTHER,0.0041771308,0.0,0.0
2,Document,-0.3,27.0,Lisa Herbold,PERSON,0.0040708478,0.0,0.1
2,Document,-0.3,27.0,Swami,PERSON,0.0038677424,-0.1,0.2
2,Document,-0.3,27.0,discrimination,OTHER,0.003860554,0.0,0.0
2,Document,-0.3,27.0,comments,OTHER,0.0035688158,-0.1,0.1
2,Document,-0.3,27.0,group,ORGANIZATION,0.003559552,0.1,0.2
2,Document,-0.3,27.0,diaspora communities,LOCATION,0.0035431008,0.0,0.0
2,Document,-0.3,27.0,culture war,EVENT,0.0035065447,-0.1,0.2
2,Document,-0.3,27.0,people,PERSON,0.0034488188,0.0,0.1
2,Document,-0.3,27.0,ordinance,OTHER,0.003375528,0.0,0.0
2,Document,-0.3,27.0,ordinance,OTHER,0.0033691316,0.0,0.0
2,Document,-0.3,27.0,problem,OTHER,0.00336161,-0.2,0.4
2,Document,-0.3,27.0,battles,EVENT,0.0033558342,0.0,0.0
2,Document,-0.3,27.0,Hindu,OTHER,0.0033379328,0.0,0.0
2,Document,-0.3,27.0,caste discrimination,OTHER,0.0031416963,0.0,0.0
2,Document,-0.3,27.0,supporters,PERSON,0.002780492,0.0,0.0
2,Document,-0.3,27.0,supporters,PERSON,0.0027666525,0.0,0.0
2,Document,-0.3,27.0,roles,OTHER,0.0027475187,0.0,0.0
2,Document,-0.3,27.0,caste,OTHER,0.0027236782,0.1,0.1
2,Document,-0.3,27.0,diaspora,OTHER,0.0026288156,0.0,0.0
2,Document,-0.3,27.0,caste discrimination,OTHER,0.0026157256,0.0,0.0
2,Document,-0.3,27.0,Sanjay Patel,PERSON,0.0026138143,0.0,0.2
2,Document,-0.3,27.0,discrimination,OTHER,0.0026089319,0.0,0.0
2,Document,-0.3,27.0,council,ORGANIZATION,0.0025636677,0.0,0.0
2,Document,-0.3,27.0,council,ORGANIZATION,0.0025506946,0.0,0.0
2,Document,-0.3,27.0,country,LOCATION,0.0025401537,0.0,0.0
2,Document,-0.3,27.0,community,OTHER,0.0024005505,0.0,0.0
2,Document,-0.3,27.0,advocacy work,OTHER,0.0023894443,-0.1,0.1
2,Document,-0.3,27.0,community,PERSON,0.0023729554,0.0,0.1
2,Document,-0.3,27.0,Dalit,OTHER,0.002321082,0.0,0.0
2,Document,-0.3,27.0,Tensions,OTHER,0.0023072734,0.0,0.0
2,Document,-0.3,27.0,meeting,EVENT,0.0023027412,-0.1,0.2
2,Document,-0.3,27.0,ordinance,OTHER,0.0022739873,0.0,0.0
2,Document,-0.3,27.0,ordinance,OTHER,0.0022710403,-0.2,0.2
2,Document,-0.3,27.0,ordinance,OTHER,0.0022598263,0.0,0.0
2,Document,-0.3,27.0,divisions,OTHER,0.0022323765,0.0,0.0
2,Document,-0.3,27.0,issue,OTHER,0.0022323765,-0.1,0.1
2,Document,-0.3,27.0,council chambers,OTHER,0.0022273723,0.0,0.0
2,Document,-0.3,27.0,chamber,ORGANIZATION,0.00222315,0.0,0.0
2,Document,-0.3,27.0,groups,ORGANIZATION,0.0022073365,0.0,0.0
2,Document,-0.3,27.0,name,OTHER,0.0022047388,0.0,0.0
2,Document,-0.3,27.0,city,LOCATION,0.0021261165,0.0,0.0
2,Document,-0.3,27.0,council members,PERSON,0.0020910134,0.0,0.0
2,Document,-0.3,27.0,Due diligence,OTHER,0.0020905188,0.0,0.0
2,Document,-0.3,27.0,Indian,LOCATION,0.002077684,0.0,0.0
2,Document,-0.3,27.0,slogans,OTHER,0.0019606992,0.0,0.0
2,Document,-0.3,27.0,banners,OTHER,0.0019606992,0.0,0.0
2,Document,-0.3,27.0,city officials,PERSON,0.0019606992,-0.1,0.1
2,Document,-0.3,27.0,minority,PERSON,0.0019563036,0.0,0.0
2,Document,-0.3,27.0,victory,OTHER,0.001952595,0.0,0.0
2,Document,-0.3,27.0,favor,OTHER,0.001952595,0.0,0.0
2,Document,-0.3,27.0,cry,OTHER,0.001952595,0.0,0.0
2,Document,-0.3,27.0,followers,PERSON,0.001952595,0.0,0.0
2,Document,-0.3,27.0,rights icon,OTHER,0.001949388,0.0,0.0
2,Document,-0.3,27.0,education,OTHER,0.0019465636,0.0,0.0
2,Document,-0.3,27.0,housing,OTHER,0.0019465636,0.0,0.0
2,Document,-0.3,27.0,alienation,OTHER,0.0019465636,0.0,0.0
2,Document,-0.3,27.0,form,OTHER,0.0019465636,0.0,0.0
2,Document,-0.3,27.0,tears,OTHER,0.0019440406,0.0,0.0
2,Document,-0.3,27.0,Migration Policy Institute,ORGANIZATION,0.0019175683,0.0,0.0
2,Document,-0.3,27.0,support,OTHER,0.001873006,0.0,0.0
2,Document,-0.3,27.0,vote,OTHER,0.0018705783,-0.1,0.1
2,Document,-0.3,27.0,council vote,EVENT,0.0018575166,0.0,0.0
2,Document,-0.3,27.0,Caste discrimination,OTHER,0.0017856027,0.0,0.0
2,Document,-0.3,27.0,council,ORGANIZATION,0.0017542349,0.0,0.0
2,Document,-0.3,27.0,council,ORGANIZATION,0.0017537145,-0.1,0.1
2,Document,-0.3,27.0,lawsuits,OTHER,0.0017122859,-0.1,0.1
2,Document,-0.3,27.0,gender discrimination laws,OTHER,0.0017105994,-0.1,0.1
2,Document,-0.3,27.0,support,OTHER,0.0017083014,0.0,0.0
2,Document,-0.3,27.0,people,PERSON,0.0017065962,0.3,0.3
2,Document,-0.3,27.0,caste discrimination laws,OTHER,0.0016627023,0.0,0.0
2,Document,-0.3,27.0,comments,WORK_OF_ART,0.0016404723,0.0,0.0
2,Document,-0.3,27.0,Jai Bhim,PERSON,0.0016269238,0.0,0.0
2,Document,-0.3,27.0,people,PERSON,0.0016144069,0.0,0.0
2,Document,-0.3,27.0,Bhimrao,PERSON,0.0015674207,0.0,0.0
2,Document,-0.3,27.0,way,OTHER,0.0015409463,0.0,0.0
2,Document,-0.3,27.0,law,OTHER,0.0015031147,0.0,0.0
2,Document,-0.3,27.0,opponents,PERSON,0.0014983738,-0.2,0.2
2,Document,-0.3,27.0,issue,OTHER,0.0014966165,0.0,0.0
2,Document,-0.3,27.0,world,LOCATION,0.0014909732,0.0,0.0
2,Document,-0.3,27.0,community partners,PERSON,0.0014879097,-0.1,0.1
2,Document,-0.3,27.0,organizations,ORGANIZATION,0.0014865528,0.0,0.0
2,Document,-0.3,27.0,emails,WORK_OF_ART,0.0014540891,0.0,0.0
2,Document,-0.3,27.0,change,OTHER,0.0013715634,-0.2,0.2
2,Document,-0.3,27.0,opponents,PERSON,0.0013708742,0.0,0.0
2,Document,-0.3,27.0,descent,OTHER,0.0013708742,0.0,0.0
2,Document,-0.3,27.0,council deliberations,EVENT,0.0013689627,-0.4,0.4
2,Document,-0.3,27.0,organizations,ORGANIZATION,0.0013683713,0.0,0.0
2,Document,-0.3,27.0,show,WORK_OF_ART,0.0013262056,0.0,0.0
2,Document,-0.3,27.0,suffering,EVENT,0.0013186936,0.0,0.0
2,Document,-0.3,27.0,hundreds,OTHER,0.0013168148,0.0,0.0
2,Document,-0.3,27.0,stories,WORK_OF_ART,0.0013168148,0.0,0.0
2,Document,-0.3,27.0,solution,OTHER,0.0013159835,-0.1,0.1
2,Document,-0.3,27.0,research,OTHER,0.0013159835,-0.2,0.2
2,Document,-0.3,27.0,employers,ORGANIZATION,0.0013151931,-0.1,0.1
2,Document,-0.3,27.0,caste,OTHER,0.0013145535,0.0,0.0
2,Document,-0.3,27.0,chance,OTHER,0.0013131389,0.0,0.0
2,Document,-0.3,27.0,decision,OTHER,0.0013110208,0.0,0.0
2,Document,-0.3,27.0,anywhere,LOCATION,0.0013094833,0.0,0.0
2,Document,-0.3,27.0,trauma,OTHER,0.0013034559,0.0,0.0
2,Document,-0.3,27.0,data,OTHER,0.0012998796,-0.1,0.1
2,Document,-0.3,27.0,diaspora,OTHER,0.0012990491,0.0,0.0
2,Document,-0.3,27.0,vote,EVENT,0.0012815418,0.0,0.0
2,Document,-0.3,27.0,vote,OTHER,0.0012807904,0.0,0.0
2,Document,-0.3,27.0,comment,WORK_OF_ART,0.0012515829,-0.1,0.1
2,Document,-0.3,27.0,caste discrimination,OTHER,0.001248208,0.0,0.0
2,Document,-0.3,27.0,caste system,OTHER,0.001207832,0.0,0.0
2,Document,-0.3,27.0,progress,OTHER,0.0012046028,0.0,0.0
2,Document,-0.3,27.0,logic,OTHER,0.0012039974,0.0,0.0
2,Document,-0.3,27.0,men,PERSON,0.0012034161,-0.1,0.1
2,Document,-0.3,27.0,line,OTHER,0.0012023185,-0.4,0.4
2,Document,-0.3,27.0,Coalition,ORGANIZATION,0.0012023185,-0.4,0.4
2,Document,-0.3,27.0,questioning,EVENT,0.0012023185,-0.4,0.4
2,Document,-0.3,27.0,population,PERSON,0.001188137,0.0,0.0
2,Document,-0.3,27.0,support,OTHER,0.0011623894,0.0,0.0
2,Document,-0.3,27.0,B.R.,PERSON,0.0011537259,0.0,0.0
2,Document,-0.3,27.0,Yogesh Mane,CONSUMER_GOOD,0.00114867,0.0,0.0
2,Document,-0.3,27.0,Indian American,PERSON,0.0010318881,0.0,0.0
2,Document,-0.3,27.0,deliberations,OTHER,0.0010258998,0.0,0.0
2,Document,-0.3,27.0,one,PERSON,0.0010256094,0.0,0.0
2,Document,-0.3,27.0,birth,EVENT,0.0010256094,0.0,0.0
2,Document,-0.3,27.0,rule,OTHER,0.0010253256,0.0,0.0
2,Document,-0.3,27.0,rule,OTHER,0.0010247767,0.0,0.0
2,Document,-0.3,27.0,caste identity,OTHER,0.0010101945,0.0,0.0
2,Document,-0.3,27.0,majority,PERSON,0.0009883209,0.0,0.0
2,Document,-0.3,27.0,California,LOCATION,0.0009639187,0.0,0.0
2,Document,-0.3,27.0,North America,LOCATION,0.00095252605,-0.4,0.4
2,Document,-0.3,27.0,temperatures,OTHER,0.00090153253,0.0,0.0
2,Document,-0.3,27.0,wind gusts,OTHER,0.00090153253,0.0,0.0
2,Document,-0.3,27.0,person,PERSON,0.000901265,0.0,0.0
2,Document,-0.3,27.0,half,OTHER,0.0009010039,0.0,0.0
2,Document,-0.3,27.0,origins,OTHER,0.0009007489,0.0,0.0
2,Document,-0.3,27.0,hierarchy,OTHER,0.0009007489,0.0,0.0
2,Document,-0.3,27.0,occupation,OTHER,0.0009007489,0.0,0.0
2,Document,-0.3,27.0,bottom,OTHER,0.0009002559,0.0,0.0
2,Document,-0.3,27.0,caste pyramid,OTHER,0.0009002559,0.0,0.0
2,Document,-0.3,27.0,nation,LOCATION,0.00090001756,0.0,0.0
2,Document,-0.3,27.0,independence,EVENT,0.00090001756,0.0,0.0
2,Document,-0.3,27.0,discrimination,OTHER,0.0008567101,0.0,0.0
2,Document,-0.3,27.0,university systems,OTHER,0.00084358745,0.0,0.0
2,Document,-0.3,27.0,caste,OTHER,0.00082623196,0.0,0.0
2,Document,-0.3,27.0,Nelson,PERSON,0.00082081795,0.0,0.0
2,Document,-0.3,27.0,San Francisco Bay Area,LOCATION,0.0008074813,0.0,0.0
2,Document,-0.3,27.0,caste protections,OTHER,0.0007996987,0.0,0.0
2,Document,-0.3,27.0,group,ORGANIZATION,0.0007858059,0.0,0.0
2,Document,-0.3,27.0,discrimination,OTHER,0.0007856642,0.0,0.0
2,Document,-0.3,27.0,colleges,ORGANIZATION,0.0007854189,0.0,0.0
2,Document,-0.3,27.0,college,ORGANIZATION,0.0007852311,0.0,0.0
2,Document,-0.3,27.0,student workers,PERSON,0.0007848662,0.0,0.0
2,Document,-0.3,27.0,Equality Labs,ORGANIZATION,0.0007720722,-0.1,0.1
2,Document,-0.3,27.0,Oakland,LOCATION,0.0007720722,0.0,0.0
2,Document,-0.3,27.0,community,OTHER,0.0007215352,0.0,0.1
2,Document,-0.3,27.0,nondiscrimination policy,OTHER,0.0007161328,0.0,0.0
2,Document,-0.3,27.0,part,OTHER,0.00071580004,0.0,0.0
2,Document,-0.3,27.0,Atlanta,LOCATION,0.0007097337,0.0,0.0
2,Document,-0.3,27.0,C.H.,OTHER,0.00070944714,0.1,0.1
2,Document,-0.3,27.0,British,LOCATION,0.00068423955,0.0,0.0
2,Document,-0.3,27.0,ordinance,OTHER,0.00068320025,0.0,0.0
2,Document,-0.3,27.0,ordinance,OTHER,0.00065914646,0.0,0.0
2,Document,-0.3,27.0,census,OTHER,0.0006294012,0.0,0.0
2,Document,-0.3,27.0,roots,OTHER,0.0006292446,0.0,0.0
2,Document,-0.3,27.0,measures,OTHER,0.0006287932,0.1,0.1
2,Document,-0.3,27.0,contract,OTHER,0.00062864844,0.0,0.0
2,Document,-0.3,27.0,graduate student union,ORGANIZATION,0.00062864844,0.0,0.0
2,Document,-0.3,27.0,member,PERSON,0.0005619254,0.0,0.0
2,Document,-0.3,27.0,Brandeis University,ORGANIZATION,0.0005549341,0.0,0.0
2,Document,-0.3,27.0,Brown University,ORGANIZATION,0.00055480393,0.0,0.0
2,Document,-0.3,27.0,Muslim,OTHER,0.0005319981,0.0,0.0
2,Document,-0.3,27.0,California State University System,ORGANIZATION,0.00049813546,0.0,0.0
2,Document,-0.3,27.0,law,OTHER,0.00049335166,-0.2,0.2
2,Document,-0.3,27.0,businesses,ORGANIZATION,0.00048718182,-0.2,0.2
2,Document,-0.3,27.0,Colby College,ORGANIZATION,0.00046378336,0.0,0.0
2,Document,-0.3,27.0,area,LOCATION,0.00045007438,0.0,0.0
2,Document,-0.3,27.0,ramifications,OTHER,0.00039623588,0.0,0.0
2,Document,-0.3,27.0,religion,OTHER,0.00039579876,0.0,0.0
2,Document,-0.3,27.0,Pakistan,LOCATION,0.00037173167,0.0,0.0
2,Document,-0.3,27.0,Sri Lanka,LOCATION,0.00037173167,0.0,0.0
2,Document,-0.3,27.0,Nepal,LOCATION,0.00037173167,0.0,0.0
2,Document,-0.3,27.0,Bhutan,LOCATION,0.00037173167,0.0,0.0
2,Document,-0.3,27.0,Bangladesh,LOCATION,0.00037173167,0.0,0.0
2,Document,-0.3,27.0,Boston,LOCATION,0.00037155216,0.0,0.0
2,Document,-0.3,27.0,"University of California, Davis",ORGANIZATION,0.000371465,0.1,0.1
3,Document,0.0,9.5,history,OTHER,0.25588137,0.1,0.1
3,Document,0.0,9.5,word,OTHER,0.1078483,0.1,0.2
3,Document,0.0,9.5,Danielle Ren Holley,PERSON,0.041763976,0.1,0.3
3,Document,0.0,9.5,history,OTHER,0.025872959,0.0,0.0
3,Document,0.0,9.5,history,OTHER,0.021347672,-0.1,0.2
3,Document,0.0,9.5,narration,OTHER,0.019819764,0.0,0.0
3,Document,0.0,9.5,contributions,OTHER,0.016991407,0.0,0.0
3,Document,0.0,9.5,sports person,PERSON,0.016448133,0.0,0.0
3,Document,0.0,9.5,books,WORK_OF_ART,0.0155031765,0.0,0.0
3,Document,0.0,9.5,classroom discussions,OTHER,0.0155031765,0.0,0.0
3,Document,0.0,9.5,nation,LOCATION,0.0155031765,0.0,0.0
3,Document,0.0,9.5,Black History,OTHER,0.014764813,0.0,0.0
3,Document,0.0,9.5,legislation,WORK_OF_ART,0.014663507,0.0,0.0
3,Document,0.0,9.5,people,PERSON,0.013623332,0.0,0.0
3,Document,0.0,9.5,breadth,OTHER,0.013623332,0.0,0.0
3,Document,0.0,9.5,depth,OTHER,0.013623332,0.0,0.0
3,Document,0.0,9.5,stories,WORK_OF_ART,0.013304664,0.0,0.1
3,Document,0.0,9.5,history,OTHER,0.011714271,0.0,0.0
3,Document,0.0,9.5,Black,PERSON,0.011296241,0.0,0.0
3,Document,0.0,9.5,America,LOCATION,0.010801715,0.0,0.0
3,Document,0.0,9.5,African-Americans,PERSON,0.010801715,0.0,0.0
3,Document,0.0,9.5,men,PERSON,0.01001678,0.0,0.1
3,Document,0.0,9.5,nothing,OTHER,0.009613381,0.0,0.0
3,Document,0.0,9.5,decision-makers,PERSON,0.008842368,0.0,0.1
3,Document,0.0,9.5,The 1619 Project,WORK_OF_ART,0.008021549,0.0,0.0
3,Document,0.0,9.5,way,OTHER,0.007945623,0.0,0.0
3,Document,0.0,9.5,men,PERSON,0.007673608,0.1,0.3
3,Document,0.0,9.5,LeBron James,PERSON,0.006877904,0.4,0.8
3,Document,0.0,9.5,history,OTHER,0.006591703,0.0,0.0
3,Document,0.0,9.5,contributions,OTHER,0.00641054,0.0,0.0
3,Document,0.0,9.5,history,OTHER,0.0060055465,-0.1,0.1
3,Document,0.0,9.5,some,PERSON,0.0059447866,0.0,0.0
3,Document,0.0,9.5,series,OTHER,0.005847335,0.0,0.0
3,Document,0.0,9.5,series,WORK_OF_ART,0.005847335,0.0,0.0
3,Document,0.0,9.5,name,OTHER,0.005136402,0.0,0.0
3,Document,0.0,9.5,country,LOCATION,0.005136402,0.0,0.0
3,Document,0.0,9.5,legacy,OTHER,0.005136402,0.0,0.0
3,Document,0.0,9.5,center,LOCATION,0.0051042354,-0.1,0.1
3,Document,0.0,9.5,conversation,EVENT,0.0051042354,-0.1,0.1
3,Document,0.0,9.5,Ron DeSantis,PERSON,0.004722798,0.0,0.1
3,Document,0.0,9.5,teams,ORGANIZATION,0.0047082487,0.0,0.0
3,Document,0.0,9.5,history,OTHER,0.0045135836,0.0,0.0
3,Document,0.0,9.5,teams,ORGANIZATION,0.0042883363,0.0,0.0
3,Document,0.0,9.5,time,EVENT,0.004267,0.0,0.0
3,Document,0.0,9.5,story,OTHER,0.003945496,0.0,0.0
3,Document,0.0,9.5,team,ORGANIZATION,0.0039419006,0.0,0.0
3,Document,0.0,9.5,quarterbacks,PERSON,0.003940063,0.0,0.0
3,Document,0.0,9.5,classrooms,LOCATION,0.00393543,0.0,0.0
3,Document,0.0,9.5,discussions,OTHER,0.0039303475,0.1,0.1
3,Document,0.0,9.5,interviews,WORK_OF_ART,0.0039261426,0.1,0.1
3,Document,0.0,9.5,Time,WORK_OF_ART,0.0037898943,0.0,0.0
3,Document,0.0,9.5,notice,OTHER,0.0037720478,0.0,0.0
3,Document,0.0,9.5,sports analysts,PERSON,0.003725923,0.0,0.0
3,Document,0.0,9.5,intellect,OTHER,0.0035953333,0.0,0.0
3,Document,0.0,9.5,books,WORK_OF_ART,0.003589431,-0.1,0.1
3,Document,0.0,9.5,news,OTHER,0.0035820454,0.1,0.1
3,Document,0.0,9.5,Super Bowl,EVENT,0.0035080842,0.0,0.0
3,Document,0.0,9.5,media platform,OTHER,0.0034522314,0.1,0.1
3,Document,0.0,9.5,pride,OTHER,0.0034485373,0.1,0.1
3,Document,0.0,9.5,each,OTHER,0.0034485373,0.1,0.1
3,Document,0.0,9.5,importance,OTHER,0.0034485373,0.0,0.0
3,Document,0.0,9.5,profiles,OTHER,0.0034485373,0.1,0.1
3,Document,0.0,9.5,attention,OTHER,0.0034234014,0.0,0.0
3,Document,0.0,9.5,game,EVENT,0.0034234014,0.0,0.0
3,Document,0.0,9.5,football,OTHER,0.0034234014,0.0,0.0
3,Document,0.0,9.5,fans,PERSON,0.003163926,0.2,0.2
3,Document,0.0,9.5,loop,OTHER,0.0031608113,0.0,0.0
3,Document,0.0,9.5,players,PERSON,0.00315793,0.0,0.0
3,Document,0.0,9.5,history,OTHER,0.0031504643,0.0,0.0
3,Document,0.0,9.5,person,PERSON,0.0031499679,0.0,0.0
3,Document,0.0,9.5,Hulu,OTHER,0.0030361258,0.0,0.0
3,Document,0.0,9.5,New York,LOCATION,0.0030361258,0.0,0.0
3,Document,0.0,9.5,colleges,ORGANIZATION,0.0029554907,0.1,0.1
3,Document,0.0,9.5,one,OTHER,0.0026955735,0.0,0.0
3,Document,0.0,9.5,history makers,PERSON,0.0026925572,0.4,0.4
3,Document,0.0,9.5,women,PERSON,0.0023661964,0.0,0.0
3,Document,0.0,9.5,others,PERSON,0.0023661964,0.1,0.1
3,Document,0.0,9.5,record,OTHER,0.002364902,0.3,0.3
3,Document,0.0,9.5,sports highlight,OTHER,0.002364902,0.3,0.3
3,Document,0.0,9.5,Jalen Hurts,PERSON,0.0023255912,0.0,0.0
3,Document,0.0,9.5,context,OTHER,0.0020648905,0.3,0.3
3,Document,0.0,9.5,Philadelphia Eagles,ORGANIZATION,0.0020425632,0.0,0.0
3,Document,0.0,9.5,Kansas City Chiefs,ORGANIZATION,0.0020425632,0.0,0.0
3,Document,0.0,9.5,Dad,PERSON,0.0020359769,0.0,0.0
3,Document,0.0,9.5,list,OTHER,0.0020286802,0.3,0.3
3,Document,0.0,9.5,spot,OTHER,0.0019183595,0.3,0.3
3,Document,0.0,9.5,scoring list,OTHER,0.0018842363,0.3,0.3
3,Document,0.0,9.5,Daddy,PERSON,0.0018661732,0.0,0.0
3,Document,0.0,9.5,Florida,LOCATION,0.0018645888,0.0,0.0
3,Document,0.0,9.5,quarterback,PERSON,0.0017608,0.0,0.0
3,Document,0.0,9.5,achievements,OTHER,0.0016540267,0.2,0.2
3,Document,0.0,9.5,stone,OTHER,0.0016531957,0.1,0.1
3,Document,0.0,9.5,Patrick Mahomes,PERSON,0.0014547635,0.1,0.2
3,Document,0.0,9.5,Seven Sisters,PERSON,0.0013989573,0.1,0.1
3,Document,0.0,9.5,Massachusetts,LOCATION,0.0013981563,0.0,0.0
3,Document,0.0,9.5,Wellesley,LOCATION,0.0013981563,0.0,0.0
3,Document,0.0,9.5,Smith,PERSON,0.0013981563,0.0,0.0
3,Document,0.0,9.5,Kareem Abul Jabbar,PERSON,0.0013973912,0.3,0.3
3,Document,0.0,9.5,college,ORGANIZATION,0.0012962545,0.0,0.0
3,Document,0.0,9.5,some,OTHER,0.001253824,0.0,0.0
3,Document,0.0,9.5,words,OTHER,0.001183737,0.0,0.0
3,Document,0.0,9.5,American,LOCATION,0.00111216,0.0,0.0
3,Document,0.0,9.5,bias,OTHER,0.0010403605,0.5,0.5
3,Document,0.0,9.5,triumph,EVENT,0.0010403605,0.0,0.0
3,Document,0.0,9.5,talent,OTHER,0.0010403605,0.1,0.1
3,Document,0.0,9.5,kids,PERSON,0.0010403605,0.1,0.1
3,Document,0.0,9.5,firsts,OTHER,0.0010389365,0.4,0.4
3,Document,0.0,9.5,classroom walls,OTHER,0.0010389365,0.2,0.2
3,Document,0.0,9.5,home,LOCATION,0.0010382805,0.0,0.0
3,Document,0.0,9.5,president,PERSON,0.0010382805,0.0,0.0
3,Document,0.0,9.5,NBA,ORGANIZATION,0.0009777662,0.3,0.3
3,Document,0.0,9.5,Black History Month,EVENT,0.0009767627,0.0,0.0
3,Document,0.0,9.5,Mount Holyoke College,ORGANIZATION,0.00076583464,0.0,0.0
3,Document,0.0,9.5,Hurts,ORGANIZATION,0.00069888297,0.3,0.3
3,Document,0.0,9.5,Lift Every Voice and Sing,WORK_OF_ART,0.00061419816,0.0,0.0
4,Document,-0.4,11.3,Scott Adams,PERSON,0.38516176,-0.1,3.4
4,Document,-0.4,11.3,Dilbert,OTHER,0.20854348,0.0,2.5
4,Document,-0.4,11.3,people,PERSON,0.050446622,-0.1,0.1
4,Document,-0.4,11.3,people,PERSON,0.045806535,-0.1,0.2
4,Document,-0.4,11.3,hate group,ORGANIZATION,0.03635712,-0.1,0.2
4,Document,-0.4,11.3,members,PERSON,0.028164197,-0.1,0.3
4,Document,-0.4,11.3,creator,PERSON,0.024800088,0.0,0.0
4,Document,-0.4,11.3,Andrews McMeel Syndication,ORGANIZATION,0.015955836,-0.4,0.8
4,Document,-0.4,11.3,media publishers,ORGANIZATION,0.014248423,-0.2,0.5
4,Document,-0.4,11.3,remarks,OTHER,0.011864686,0.0,0.0
4,Document,-0.4,11.3,comic strip,WORK_OF_ART,0.011655751,0.0,0.0
4,Document,-0.4,11.3,backlash,OTHER,0.011655751,-0.1,0.1
4,Document,-0.4,11.3,cancellations,OTHER,0.010249526,-0.1,0.1
4,Document,-0.4,11.3,comments,WORK_OF_ART,0.0073580607,-0.1,0.1
4,Document,-0.4,11.3,Black,PERSON,0.0071188556,0.0,0.0
4,Document,-0.4,11.3,people,PERSON,0.0056059742,0.0,0.1
4,Document,-0.4,11.3,survey,OTHER,0.0055255736,0.0,0.0
4,Document,-0.4,11.3,creator,PERSON,0.005392191,-0.1,0.2
4,Document,-0.4,11.3,Real Coffee with Scott Adams,WORK_OF_ART,0.0051667057,-0.1,0.2
4,Document,-0.4,11.3,work,OTHER,0.0049371347,-0.2,0.2
4,Document,-0.4,11.3,people,PERSON,0.004854632,-0.1,0.7
4,Document,-0.4,11.3,decision,OTHER,0.0042102113,0.0,0.0
4,Document,-0.4,11.3,group,ORGANIZATION,0.003857333,0.0,0.0
4,Document,-0.4,11.3,platform,OTHER,0.0037691605,-0.2,0.2
4,Document,-0.4,11.3,San Antonio Express-News,ORGANIZATION,0.0031141795,0.0,0.2
4,Document,-0.4,11.3,U.S.,LOCATION,0.0029217612,-0.2,0.2
4,Document,-0.4,11.3,comment,WORK_OF_ART,0.002778336,-0.3,0.3
4,Document,-0.4,11.3,USA Today Network,ORGANIZATION,0.0025558956,-0.1,0.3
4,Document,-0.4,11.3,social media,OTHER,0.0024863414,-0.2,0.2
4,Document,-0.4,11.3,episode,WORK_OF_ART,0.0021013203,-0.1,0.1
4,Document,-0.4,11.3,backlash,OTHER,0.0021013203,-0.1,0.1
4,Document,-0.4,11.3,Plain Dealer,ORGANIZATION,0.0019860987,0.0,0.1
4,Document,-0.4,11.3,people,PERSON,0.0019493725,-0.1,0.7
4,Document,-0.4,11.3,people,PERSON,0.0019362805,0.0,0.0
4,Document,-0.4,11.3,requests,OTHER,0.0018616512,-0.3,0.3
4,Document,-0.4,11.3,culture,OTHER,0.0018499934,0.3,0.3
4,Document,-0.4,11.3,hate group,ORGANIZATION,0.0017801533,-0.3,0.3
4,Document,-0.4,11.3,hate group,ORGANIZATION,0.0017801533,-0.2,0.2
4,Document,-0.4,11.3,Chris Quinn,PERSON,0.0017504499,0.0,0.1
4,Document,-0.4,11.3,comments,WORK_OF_ART,0.0017087514,0.0,0.0
4,Document,-0.4,11.3,things,OTHER,0.0016810135,0.0,0.0
4,Document,-0.4,11.3,group,PERSON,0.0016280442,0.0,0.0
4,Document,-0.4,11.3,hell,OTHER,0.0016003109,0.0,0.0
4,Document,-0.4,11.3,members,PERSON,0.0015465603,0.0,0.0
4,Document,-0.4,11.3,advice,OTHER,0.0015048516,0.0,0.0
4,Document,-0.4,11.3,show,WORK_OF_ART,0.00143298,0.0,0.0
4,Document,-0.4,11.3,show,WORK_OF_ART,0.0014314469,0.0,0.0
4,Document,-0.4,11.3,Christopher Kelly,PERSON,0.0013566396,0.0,0.1
4,Document,-0.4,11.3,point,OTHER,0.001329232,0.0,0.0
4,Document,-0.4,11.3,discrimination,OTHER,0.0013056019,0.0,0.0
4,Document,-0.4,11.3,episode,WORK_OF_ART,0.0013056019,0.0,0.0
4,Document,-0.4,11.3,comments,WORK_OF_ART,0.0012855505,-0.1,0.1
4,Document,-0.4,11.3,community,OTHER,0.0012836888,0.0,0.0
4,Document,-0.4,11.3,way,OTHER,0.0012512632,0.0,0.0
4,Document,-0.4,11.3,topics,OTHER,0.0012428545,0.0,0.0
4,Document,-0.4,11.3,statement,WORK_OF_ART,0.0012428545,0.0,0.0
4,Document,-0.4,11.3,respondents,PERSON,0.0012408142,0.0,0.0
4,Document,-0.4,11.3,26%,OTHER,0.0012408142,0.0,0.0
4,Document,-0.4,11.3,trolling campaign,EVENT,0.0012390172,0.0,0.0
4,Document,-0.4,11.3,phrase,OTHER,0.0012390172,0.0,0.0
4,Document,-0.4,11.3,discussion forum,OTHER,0.0012390172,0.0,0.0
4,Document,-0.4,11.3,supremacists,PERSON,0.0012390172,0.0,0.0
4,Document,-0.4,11.3,part,OTHER,0.0012375866,0.0,0.0
4,Document,-0.4,11.3,media,OTHER,0.0011534971,0.0,0.0
4,Document,-0.4,11.3,everyone,PERSON,0.001146771,0.0,0.0
4,Document,-0.4,11.3,individual,PERSON,0.001146771,0.0,0.0
4,Document,-0.4,11.3,YouTube,OTHER,0.0010911047,-0.1,0.1
4,Document,-0.4,11.3,publications,WORK_OF_ART,0.0009795658,0.0,0.0
4,Document,-0.4,11.3,news organization,ORGANIZATION,0.000978877,0.0,0.0
4,Document,-0.4,11.3,principles,OTHER,0.0008597622,0.0,0.0
4,Document,-0.4,11.3,home,LOCATION,0.000759682,-0.1,0.1
4,Document,-0.4,11.3,Black Americans,PERSON,0.0007403416,0.0,0.0
4,Document,-0.4,11.3,Rasmussen Reports,ORGANIZATION,0.0007345018,0.0,0.0
4,Document,-0.4,11.3,Anti-Defamation League,ORGANIZATION,0.00072327454,0.0,0.0
4,Document,-0.4,11.3,ideas,OTHER,0.0006837216,0.0,0.0
4,Document,-0.4,11.3,ideas,OTHER,0.0006833302,0.0,0.0
4,Document,-0.4,11.3,Los Angeles Times,ORGANIZATION,0.0006764094,0.0,0.0
4,Document,-0.4,11.3,racism,OTHER,0.0006012436,-0.2,0.2
4,Document,-0.4,11.3,support,OTHER,0.00060086406,-0.4,0.4
4,Document,-0.4,11.3,exchange,OTHER,0.00060050323,0.0,0.0
4,Document,-0.4,11.3,hate speech,OTHER,0.0006001594,0.0,0.0
4,Document,-0.4,11.3,line,OTHER,0.0006001594,0.0,0.0
4,Document,-0.4,11.3,comments,WORK_OF_ART,0.00056401524,0.0,0.0
4,Document,-0.4,11.3,others,PERSON,0.0005506815,0.0,0.0
4,Document,-0.4,11.3,part,OTHER,0.0005500952,0.0,0.0
4,Document,-0.4,11.3,Cleveland,LOCATION,0.0005083873,0.0,0.0
4,Document,-0.4,11.3,NJ Advance Media,ORGANIZATION,0.00047575662,0.0,0.0
4,Document,-0.4,11.3,advance,OTHER,0.00047190915,0.0,0.0
4,Document,-0.4,11.3,run,EVENT,0.000466009,0.0,0.0
4,Document,-0.4,11.3,comics,WORK_OF_ART,0.00043038846,0.0,0.0
4,Document,-0.4,11.3,editions,WORK_OF_ART,0.00043038846,0.0,0.0
4,Document,-0.4,11.3,comic strip,OTHER,0.000430023,0.0,0.0
4,Document,-0.4,11.3,news organization,ORGANIZATION,0.00041271426,0.0,0.0
4,Document,-0.4,11.3,Hearst Newspapers,ORGANIZATION,0.00029920356,0.0,0.0
5,Document,0.3,11.6,Kwasi Kwaa,PERSON,0.5644064,0.1,3.4
5,Document,0.3,11.6,people,PERSON,0.040785395,0.1,0.4
5,Document,0.3,11.6,Enslaved Africans,PERSON,0.040176243,0.0,0.0
5,Document,0.3,11.6,food,OTHER,0.028998218,0.1,0.1
5,Document,0.3,11.6,West African,LOCATION,0.015928386,0.0,0.0
5,Document,0.3,11.6,Anthony ``Tony'' Brooks,PERSON,0.0153819155,0.3,2.5
5,Document,0.3,11.6,people,PERSON,0.015096159,0.1,0.4
5,Document,0.3,11.6,traditions,OTHER,0.013054909,0.1,0.1
5,Document,0.3,11.6,diaspora,PERSON,0.013054909,0.0,0.0
5,Document,0.3,11.6,Basic Black,OTHER,0.012691139,0.0,0.0
5,Document,0.3,11.6,chefs,PERSON,0.012064094,0.2,0.8
5,Document,0.3,11.6,soul food,CONSUMER_GOOD,0.011651823,0.0,0.0
5,Document,0.3,11.6,forms,OTHER,0.011478856,0.1,0.1
5,Document,0.3,11.6,fried chicken,OTHER,0.0083289845,0.4,0.9
5,Document,0.3,11.6,traditions,OTHER,0.008236077,0.0,0.1
5,Document,0.3,11.6,recipes,WORK_OF_ART,0.007365412,0.0,0.0
5,Document,0.3,11.6,cooking,OTHER,0.0068942034,0.0,0.0
5,Document,0.3,11.6,farming,OTHER,0.005527431,0.0,0.0
5,Document,0.3,11.6,conditions,OTHER,0.005527431,0.0,0.0
5,Document,0.3,11.6,crops,OTHER,0.0055000074,0.0,0.0
5,Document,0.3,11.6,techniques,OTHER,0.0055000074,0.0,0.0
5,Document,0.3,11.6,heritage,OTHER,0.0055000074,0.0,0.0
5,Document,0.3,11.6,cheese,OTHER,0.0054238886,0.4,0.9
5,Document,0.3,11.6,African American,PERSON,0.0046203015,0.0,0.0
5,Document,0.3,11.6,creativity,OTHER,0.004340721,0.2,0.2
5,Document,0.3,11.6,cuisine,OTHER,0.004203341,-0.2,0.4
5,Document,0.3,11.6,Coast Caf√©,LOCATION,0.00385215,0.2,0.4
5,Document,0.3,11.6,things,OTHER,0.00356964,0.0,0.1
5,Document,0.3,11.6,foods,OTHER,0.003401354,0.2,0.2
5,Document,0.3,11.6,Americas,LOCATION,0.0032706764,0.0,0.0
5,Document,0.3,11.6,recipes,WORK_OF_ART,0.0032254655,0.2,0.2
5,Document,0.3,11.6,heart,OTHER,0.00301449,0.1,0.1
5,Document,0.3,11.6,foods,OTHER,0.002959112,0.2,0.4
5,Document,0.3,11.6,recipes,OTHER,0.0027831818,0.3,0.3
5,Document,0.3,11.6,explosion,EVENT,0.0024554755,0.0,0.0
5,Document,0.3,11.6,food,OTHER,0.0023957356,0.0,0.0
5,Document,0.3,11.6,food,OTHER,0.0023922685,-0.2,0.2
5,Document,0.3,11.6,communities,PERSON,0.0023722695,0.0,0.0
5,Document,0.3,11.6,restaurant owners,PERSON,0.0023638927,0.2,0.2
5,Document,0.3,11.6,community,OTHER,0.0023574156,0.2,0.2
5,Document,0.3,11.6,partner,PERSON,0.0023521364,0.1,0.1
5,Document,0.3,11.6,some,OTHER,0.0023049016,0.1,0.3
5,Document,0.3,11.6,globe,LOCATION,0.0020764684,0.2,0.2
5,Document,0.3,11.6,corners,OTHER,0.0020764684,0.2,0.2
5,Document,0.3,11.6,foods,OTHER,0.002074375,0.1,0.1
5,Document,0.3,11.6,flavors,OTHER,0.0020707776,0.3,0.3
5,Document,0.3,11.6,foodways,OTHER,0.0019930252,0.0,0.0
5,Document,0.3,11.6,people,PERSON,0.001973645,0.0,0.0
5,Document,0.3,11.6,food,OTHER,0.0019710867,0.0,0.0
5,Document,0.3,11.6,people,PERSON,0.0018223147,0.1,0.1
5,Document,0.3,11.6,elements,OTHER,0.0017915246,0.2,0.2
5,Document,0.3,11.6,guests,PERSON,0.0017157482,0.1,0.3
5,Document,0.3,11.6,Paula Austin,PERSON,0.0017106964,0.0,0.0
5,Document,0.3,11.6,Black,PERSON,0.0016454591,0.0,0.0
5,Document,0.3,11.6,lots,OTHER,0.0016074872,-0.2,0.2
5,Document,0.3,11.6,mac,CONSUMER_GOOD,0.0015992022,0.4,0.4
5,Document,0.3,11.6,career,OTHER,0.0015984566,-0.2,0.2
5,Document,0.3,11.6,signature mac,OTHER,0.0015978452,0.2,0.2
5,Document,0.3,11.6,things,OTHER,0.001592809,0.0,0.0
5,Document,0.3,11.6,recipe,WORK_OF_ART,0.0015883206,0.0,0.0
5,Document,0.3,11.6,career,OTHER,0.0015789107,-0.1,0.1
5,Document,0.3,11.6,eaters,PERSON,0.0014878177,0.0,0.0
5,Document,0.3,11.6,owner,PERSON,0.0014599278,0.1,0.1
5,Document,0.3,11.6,tastes,OTHER,0.0014234469,0.0,0.0
5,Document,0.3,11.6,paradigm shift,OTHER,0.0014021834,0.0,0.0
5,Document,0.3,11.6,help,OTHER,0.0014005399,0.1,0.1
5,Document,0.3,11.6,television,OTHER,0.0014005399,0.2,0.2
5,Document,0.3,11.6,food shows,EVENT,0.0013990412,0.0,0.0
5,Document,0.3,11.6,folks,PERSON,0.0013990412,0.0,0.0
5,Document,0.3,11.6,terms,OTHER,0.0013990412,0.0,0.0
5,Document,0.3,11.6,horizons,OTHER,0.0013990412,0.0,0.0
5,Document,0.3,11.6,forefront,OTHER,0.0013937686,0.0,0.0
5,Document,0.3,11.6,jackfruit sliders,OTHER,0.0013911272,0.0,0.0
5,Document,0.3,11.6,jerk seasoning,OTHER,0.0013911272,0.0,0.0
5,Document,0.3,11.6,set,OTHER,0.0013911272,0.0,0.0
5,Document,0.3,11.6,classics,WORK_OF_ART,0.0013636865,0.1,0.1
5,Document,0.3,11.6,preparations,OTHER,0.0013258279,0.0,0.1
5,Document,0.3,11.6,Comfort Kitchen,LOCATION,0.001221262,0.1,0.1
5,Document,0.3,11.6,Dorchester,LOCATION,0.001221262,0.1,0.1
5,Document,0.3,11.6,cheese,OTHER,0.0011997307,0.0,0.0
5,Document,0.3,11.6,region,LOCATION,0.00109491,0.0,0.0
5,Document,0.3,11.6,region,LOCATION,0.00109491,0.0,0.0
5,Document,0.3,11.6,part,OTHER,0.0010942189,0.0,0.0
5,Document,0.3,11.6,state,LOCATION,0.0010942189,0.0,0.0
5,Document,0.3,11.6,state,LOCATION,0.0010942189,0.0,0.0
5,Document,0.3,11.6,world,LOCATION,0.00096106133,0.0,0.0
5,Document,0.3,11.6,Boston,LOCATION,0.00093779725,0.1,0.1
5,Document,0.3,11.6,roast chicken,OTHER,0.0008913433,0.5,0.5
5,Document,0.3,11.6,Mac,CONSUMER_GOOD,0.0008739912,0.0,0.0
5,Document,0.3,11.6,dishes,OTHER,0.00086551456,0.0,0.0
5,Document,0.3,11.6,Ghana,LOCATION,0.00082075124,0.0,0.0
5,Document,0.3,11.6,Italian,LOCATION,0.00081956206,0.0,0.0
5,Document,0.3,11.6,French,LOCATION,0.00081956206,0.0,0.0
5,Document,0.3,11.6,Austin,PERSON,0.000810207,0.2,0.5
5,Document,0.3,11.6,Cambridge,LOCATION,0.000757769,0.1,0.1
5,Document,0.3,11.6,plantains,OTHER,0.0007139901,0.5,0.5
5,Document,0.3,11.6,chicken stock,OTHER,0.0007139901,0.5,0.5
5,Document,0.3,11.6,plate,CONSUMER_GOOD,0.00067173113,0.2,0.2
5,Document,0.3,11.6,steak,OTHER,0.0006713636,0.5,0.5
5,Document,0.3,11.6,potatoes,OTHER,0.0006713636,0.5,0.5
5,Document,0.3,11.6,home cooking,OTHER,0.00063427817,0.4,0.4
5,Document,0.3,11.6,side dish,OTHER,0.0006156946,0.2,0.2
5,Document,0.3,11.6,people,PERSON,0.000585361,0.1,0.1
5,Document,0.3,11.6,segment,OTHER,0.0005060661,0.1,0.1
5,Document,0.3,11.6,heart,OTHER,0.00048055878,0.1,0.1
5,Document,0.3,11.6,artist,PERSON,0.00042205487,0.2,0.2
5,Document,0.3,11.6,art,WORK_OF_ART,0.0004217579,0.0,0.0
5,Document,0.3,11.6,history,OTHER,0.0004214772,0.0,0.0
5,Document,0.3,11.6,diaspora studies,OTHER,0.0004214772,0.0,0.0
5,Document,0.3,11.6,customers,PERSON,0.0004120948,0.2,0.2
5,Document,0.3,11.6,Indigenous,OTHER,0.00039710585,0.0,0.0
5,Document,0.3,11.6,Boston University,ORGANIZATION,0.0002490018,0.0,0.0
