Article Number,Article Title,Entity Name,Entity Type,Entity Salience,Entity Mentions
1,One,task force,ORGANIZATION,0.052871265,task force
1,One,people,PERSON,0.04501726,people
1,One,plea bargain,OTHER,0.039642327,plea bargain
1,One,report,WORK_OF_ART,0.039642327,report
1,One,Lucian Dervan,PERSON,0.037999354,"Lucian Dervan, professor, Dervan, Dervan"
1,One,cases,OTHER,0.034873422,cases
1,One,practice,OTHER,0.031838004,practice
1,One,innocence,OTHER,0.031838004,innocence
1,One,research,OTHER,0.030933432,"stark, research"
1,One,98%,OTHER,0.030493187,98%
1,One,courts,LOCATION,0.027998643,courts
1,One,prizes efficiency,OTHER,0.027998643,prizes efficiency
1,One,fairness,OTHER,0.027998643,fairness
1,One,defendants,PERSON,0.022732,defendants
1,One,pleas,OTHER,0.022516219,pleas
1,One,defendants,PERSON,0.021423718,defendants
1,One,prosecutors,PERSON,0.01914076,prosecutors
1,One,American Bar Association,ORGANIZATION,0.015598441,"American Bar Association, ABA"
1,One,judges,PERSON,0.015350625,judges
1,One,defense attorneys,PERSON,0.015350625,defense attorneys
1,One,academics,PERSON,0.013490021,academics
1,One,evidence,OTHER,0.013490021,evidence
1,One,defendants,PERSON,0.011657483,defendants
1,One,Pleas,OTHER,0.011286489,Pleas
1,One,defense attorneys,PERSON,0.009969308,defense attorneys
1,One,interviews,WORK_OF_ART,0.008758954,interviews
1,One,U.S.,LOCATION,0.00870399,"U.S., U.S."
1,One,Trials,EVENT,0.007922965,Trials
1,One,trials,EVENT,0.007895015,trials
1,One,report,WORK_OF_ART,0.007227353,report
1,One,people,PERSON,0.006296743,people
1,One,punishments,OTHER,0.0062689604,punishments
1,One,sentences,OTHER,0.005820377,sentences
1,One,system,OTHER,0.0057709925,system
1,One,justice system,OTHER,0.005621829,justice system
1,One,power prosecutors,PERSON,0.0056111338,power prosecutors
1,One,states,LOCATION,0.0055620284,states
1,One,bail requirements,OTHER,0.005440467,bail requirements
1,One,artifacts,OTHER,0.005409983,artifacts
1,One,trial,EVENT,0.005348004,trial
1,One,defendants,PERSON,0.0053402646,defendants
1,One,others,PERSON,0.005087407,others
1,One,jurisdictions,LOCATION,0.005087407,jurisdictions
1,One,number,OTHER,0.0050694426,number
1,One,practice,OTHER,0.0050683506,practice
1,One,mistakes,OTHER,0.004904309,mistakes
1,One,trial,EVENT,0.0048934957,trial
1,One,prosecutors,PERSON,0.0048710196,prosecutors
1,One,prospect,OTHER,0.004841404,prospect
1,One,plea bargaining,OTHER,0.0048355367,plea bargaining
1,One,plea deals,OTHER,0.0047806194,plea deals
1,One,report,WORK_OF_ART,0.0045016594,report
1,One,report,WORK_OF_ART,0.0044582174,report
1,One,government case,OTHER,0.004284914,government case
1,One,cases,OTHER,0.003925715,cases
1,One,access,OTHER,0.003908275,access
1,One,materials,OTHER,0.003908275,materials
1,One,deals,OTHER,0.0039026164,deals
1,One,ABA Plea Bargain Task Force,ORGANIZATION,0.0036537338,ABA Plea Bargain Task Force
1,One,sentence,OTHER,0.0035759716,sentence
1,One,task force,ORGANIZATION,0.0035414158,task force
1,One,strength,OTHER,0.0034328944,strength
1,One,misbehavior,OTHER,0.0034328944,misbehavior
1,One,government misconduct,OTHER,0.0034328944,government misconduct
1,One,inequality,OTHER,0.0034279234,inequality
1,One,outcomes,OTHER,0.0034029402,outcomes
1,One,certainty,OTHER,0.0034029402,certainty
1,One,money,OTHER,0.0034029402,money
1,One,way,OTHER,0.0034029402,way
1,One,cost,OTHER,0.0033964925,cost
1,One,trial rates,OTHER,0.0033781389,trial rates
1,One,police,PERSON,0.003349452,police
1,One,plea bargains,OTHER,0.003341637,plea bargains
1,One,task force,ORGANIZATION,0.0031523078,task force
1,One,drug,CONSUMER_GOOD,0.0031450407,drug
1,One,gun,CONSUMER_GOOD,0.0031450407,gun
1,One,charges,OTHER,0.0031450407,charges
1,One,trial penalty,OTHER,0.0031409662,trial penalty
1,One,advice,OTHER,0.0031372847,advice
1,One,lawyers,PERSON,0.0031372847,lawyers
1,One,research,OTHER,0.0031053077,research
1,One,Texas,LOCATION,0.0029967232,Texas
1,One,New York,LOCATION,0.0029967232,New York
1,One,need,OTHER,0.0029351085,need
1,One,plea,OTHER,0.002753971,plea
1,One,states,LOCATION,0.0026811315,states
1,One,discovery materials,OTHER,0.0026770048,discovery materials
1,One,data,OTHER,0.0026770048,data
1,One,prevalence,OTHER,0.0025641236,prevalence
1,One,defendants,PERSON,0.00256239,defendants
1,One,trials,EVENT,0.002359018,trials
1,One,laws,OTHER,0.0023548908,laws
1,One,ethics rules,OTHER,0.0023548908,ethics rules
1,One,work,OTHER,0.002353021,work
1,One,prosecutors,PERSON,0.002337035,prosecutors
1,One,report,WORK_OF_ART,0.002337035,report
1,One,need,OTHER,0.002054079,need
1,One,right,OTHER,0.0020526343,right
1,One,rights,OTHER,0.0020526343,rights
1,One,right,OTHER,0.0020526343,right
1,One,access,OTHER,0.002041985,access
1,One,Belmont University College of Law,ORGANIZATION,0.0020321659,Belmont University College of Law
1,One,Nashville,LOCATION,0.0020321659,Nashville
1,One,Santa Cruz County,LOCATION,0.0020156354,Santa Cruz County
1,One,Ariz.,LOCATION,0.0020156354,Ariz.
1,One,Pennsylvania,LOCATION,0.0019964525,Pennsylvania
1,One,need,OTHER,0.00195539,need
1,One,judges,PERSON,0.0018720815,judges
1,One,recommendations,OTHER,0.0018609393,recommendations
1,One,information,OTHER,0.0018144046,information
1,One,task,OTHER,0.0018087456,task
1,One,detention,OTHER,0.0016453873,detention
1,One,someone,PERSON,0.0016453873,someone
1,One,illness,OTHER,0.0016442299,illness
1,One,reasons,OTHER,0.0016442299,reasons
1,One,release,EVENT,0.0016442299,release
1,One,Plea Bargaining Institute,ORGANIZATION,0.0013904124,Plea Bargaining Institute
1,One,database,OTHER,0.001366089,database
1,One,claims,OTHER,0.0013012796,claims
1,One,effect,OTHER,0.0011772894,effect
1,One,community,PERSON,0.0011762157,community
1,One,community,PERSON,0.0011762157,community
1,One,effect,OTHER,0.0011762157,effect
1,One,exonerations,OTHER,0.0010349902,exonerations
1,One,dozens,PERSON,0.0010349902,dozens
1,One,individuals,PERSON,0.0010339705,individuals
1,One,safety,OTHER,0.0010330274,safety
1,One,Innocence Project,OTHER,0.00061146595,Innocence Project
1,One,changes,OTHER,0.00050529087,changes
1,One,2010,DATE,0,2010
1,One,2012,DATE,0,2012
1,One,2012,NUMBER,0,2012
1,One,98,NUMBER,0,98
1,One,14,NUMBER,0,14
1,One,2010,NUMBER,0,2010
1,One,three,NUMBER,0,three
1,One,seven,NUMBER,0,seven
1,One,nine,NUMBER,0,nine
2,Two,U.S.,LOCATION,0.084919274,"U.S., U.S., U.S., U.S., U.S., destination, U.S., U.S., U.S., United States"
2,Two,South Asian Americans,PERSON,0.023413373,"Americans, South Asian Americans"
2,Two,caste,OTHER,0.022722345,caste
2,Two,caste discrimination,OTHER,0.021578396,caste discrimination
2,Two,resident,PERSON,0.019442905,resident
2,Two,city,LOCATION,0.018738342,city
2,Two,city,LOCATION,0.017625803,city
2,Two,activists,PERSON,0.017415196,activists
2,Two,laws,OTHER,0.015490688,laws
2,Two,law,OTHER,0.014652005,law
2,Two,movement,OTHER,0.014630392,movement
2,Two,first,OTHER,0.014616443,first
2,Two,room,LOCATION,0.013211813,room
2,Two,boundaries,OTHER,0.013204714,"boundaries, boundaries"
2,Two,SEATTLE,LOCATION,0.013006797,"SEATTLE, Seattle City Hall, Seattle, Seattle, Seattle, Seattle, City Hall"
2,Two,Kshama Sawant,PERSON,0.012826856,"Kshama Sawant, Council Member, socialist, Sawant, Sawant, Sawant"
2,Two,world,LOCATION,0.012419885,world
2,Two,caste discrimination,OTHER,0.011838821,caste discrimination
2,Two,caste discrimination,OTHER,0.011431631,caste discrimination
2,Two,caste,OTHER,0.0109363645,caste
2,Two,India,LOCATION,0.010531637,"India, India, India, India"
2,Two,Seattle City Council,ORGANIZATION,0.01041851,"Seattle City Council, City Council"
2,Two,discrimination,OTHER,0.010383655,discrimination
2,Two,Sara Nelson,PERSON,0.010360592,"Sara Nelson, Council Member"
2,Two,caste discrimination,OTHER,0.010295684,caste discrimination
2,Two,caste discrimination,OTHER,0.010295684,caste discrimination
2,Two,council,ORGANIZATION,0.010098392,council
2,Two,system,OTHER,0.009860458,system
2,Two,communities,LOCATION,0.009531557,communities
2,Two,community,OTHER,0.009484223,community
2,Two,community,OTHER,0.009450782,community
2,Two,Thenmozhi Soundararajan,PERSON,0.009039395,"Thenmozhi Soundararajan, executive director"
2,Two,ordinance,OTHER,0.008634839,ordinance
2,Two,Srikrishna,PERSON,0.008367694,"Srikrishna, tech worker, Srikrishna"
2,Two,South Asia,LOCATION,0.008350308,"South Asia, South Asia, South Asian, South Asian, South Asian, South Asian, South Asians, South Asians, South Asians, South Asians"
2,Two,time,OTHER,0.0076778885,time
2,Two,laws,OTHER,0.007382972,laws
2,Two,vote,OTHER,0.007382972,vote
2,Two,people,PERSON,0.007024788,people
2,Two,diaspora,OTHER,0.007024788,diaspora
2,Two,ordinance,OTHER,0.0069602705,ordinance
2,Two,message,OTHER,0.0064822026,message
2,Two,community,OTHER,0.006109155,community
2,Two,division,ORGANIZATION,0.005966766,division
2,Two,birth,OTHER,0.005966766,birth
2,Two,descent,OTHER,0.005966766,descent
2,Two,Ambedkar,PERSON,0.005932131,Ambedkar
2,Two,majority,PERSON,0.0059161396,majority
2,Two,protections,OTHER,0.0058438554,protections
2,Two,activists,PERSON,0.0052876053,activists
2,Two,legislation,WORK_OF_ART,0.005215366,legislation
2,Two,pushback,OTHER,0.005215366,pushback
2,Two,hearing,EVENT,0.0051969495,hearing
2,Two,sides,OTHER,0.0051827095,sides
2,Two,speakers,PERSON,0.005006787,speakers
2,Two,tech sector,OTHER,0.004970728,tech sector
2,Two,Calls,OTHER,0.004928878,Calls
2,Two,Shobha Swamy,PERSON,0.004627992,"Shobha Swamy, representative"
2,Two,cheers,OTHER,0.0042493828,cheers
2,Two,Harvard University,ORGANIZATION,0.0041993908,Harvard University
2,Two,ordinance,OTHER,0.0041771308,ordinance
2,Two,Lisa Herbold,PERSON,0.0040708478,"Lisa Herbold, Council Member"
2,Two,Swami,PERSON,0.0038677424,Swami
2,Two,discrimination,OTHER,0.003860554,discrimination
2,Two,comments,OTHER,0.0035688158,comments
2,Two,group,ORGANIZATION,0.003559552,group
2,Two,diaspora communities,LOCATION,0.0035431008,diaspora communities
2,Two,culture war,EVENT,0.0035065447,culture war
2,Two,people,PERSON,0.0034488188,people
2,Two,ordinance,OTHER,0.003375528,ordinance
2,Two,ordinance,OTHER,0.0033691316,ordinance
2,Two,problem,OTHER,0.00336161,problem
2,Two,battles,EVENT,0.0033558342,battles
2,Two,Hindu,OTHER,0.0033379328,"Hindu, Hindu, Hindus, Hindus, Hinduism"
2,Two,caste discrimination,OTHER,0.0031416963,caste discrimination
2,Two,supporters,PERSON,0.002780492,supporters
2,Two,supporters,PERSON,0.0027666525,supporters
2,Two,roles,OTHER,0.0027475187,roles
2,Two,caste,OTHER,0.0027236782,caste
2,Two,diaspora,OTHER,0.0026288156,diaspora
2,Two,caste discrimination,OTHER,0.0026157256,caste discrimination
2,Two,Sanjay Patel,PERSON,0.0026138143,"Sanjay Patel, tech company owner"
2,Two,discrimination,OTHER,0.0026089319,discrimination
2,Two,council,ORGANIZATION,0.0025636677,council
2,Two,council,ORGANIZATION,0.0025506946,council
2,Two,country,LOCATION,0.0025401537,country
2,Two,community,OTHER,0.0024005505,community
2,Two,advocacy work,OTHER,0.0023894443,advocacy work
2,Two,community,PERSON,0.0023729554,community
2,Two,Dalit,OTHER,0.002321082,"Dalit, Dalit, Dalits"
2,Two,Tensions,OTHER,0.0023072734,Tensions
2,Two,meeting,EVENT,0.0023027412,meeting
2,Two,ordinance,OTHER,0.0022739873,ordinance
2,Two,ordinance,OTHER,0.0022710403,ordinance
2,Two,ordinance,OTHER,0.0022598263,ordinance
2,Two,divisions,OTHER,0.0022323765,divisions
2,Two,issue,OTHER,0.0022323765,issue
2,Two,council chambers,OTHER,0.0022273723,council chambers
2,Two,chamber,ORGANIZATION,0.00222315,chamber
2,Two,groups,ORGANIZATION,0.0022073365,groups
2,Two,name,OTHER,0.0022047388,name
2,Two,city,LOCATION,0.0021261165,city
2,Two,council members,PERSON,0.0020910134,council members
2,Two,Due diligence,OTHER,0.0020905188,Due diligence
2,Two,Indian,LOCATION,0.002077684,"Indian, Indian, Indians"
2,Two,city officials,PERSON,0.0019606992,city officials
2,Two,slogans,OTHER,0.0019606992,slogans
2,Two,banners,OTHER,0.0019606992,banners
2,Two,minority,PERSON,0.0019563036,minority
2,Two,victory,OTHER,0.001952595,victory
2,Two,cry,OTHER,0.001952595,cry
2,Two,followers,PERSON,0.001952595,followers
2,Two,favor,OTHER,0.001952595,favor
2,Two,rights icon,OTHER,0.001949388,rights icon
2,Two,education,OTHER,0.0019465636,education
2,Two,housing,OTHER,0.0019465636,housing
2,Two,form,OTHER,0.0019465636,form
2,Two,alienation,OTHER,0.0019465636,alienation
2,Two,tears,OTHER,0.0019440406,tears
2,Two,Migration Policy Institute,ORGANIZATION,0.0019175683,Migration Policy Institute
2,Two,support,OTHER,0.001873006,support
2,Two,vote,OTHER,0.0018705783,vote
2,Two,council vote,EVENT,0.0018575166,council vote
2,Two,Caste discrimination,OTHER,0.0017856027,Caste discrimination
2,Two,council,ORGANIZATION,0.0017542349,council
2,Two,council,ORGANIZATION,0.0017537145,council
2,Two,lawsuits,OTHER,0.0017122859,lawsuits
2,Two,gender discrimination laws,OTHER,0.0017105994,gender discrimination laws
2,Two,support,OTHER,0.0017083014,support
2,Two,people,PERSON,0.0017065962,people
2,Two,caste discrimination laws,OTHER,0.0016627023,caste discrimination laws
2,Two,comments,WORK_OF_ART,0.0016404723,comments
2,Two,Jai Bhim,PERSON,0.0016269238,"Jai Bhim, Bhim"
2,Two,people,PERSON,0.0016144069,people
2,Two,Bhimrao,PERSON,0.0015674207,Bhimrao
2,Two,way,OTHER,0.0015409463,way
2,Two,law,OTHER,0.0015031147,law
2,Two,opponents,PERSON,0.0014983738,opponents
2,Two,issue,OTHER,0.0014966165,issue
2,Two,world,LOCATION,0.0014909732,world
2,Two,community partners,PERSON,0.0014879097,community partners
2,Two,organizations,ORGANIZATION,0.0014865528,organizations
2,Two,emails,WORK_OF_ART,0.0014540891,emails
2,Two,change,OTHER,0.0013715634,change
2,Two,opponents,PERSON,0.0013708742,opponents
2,Two,descent,OTHER,0.0013708742,descent
2,Two,council deliberations,EVENT,0.0013689627,council deliberations
2,Two,organizations,ORGANIZATION,0.0013683713,organizations
2,Two,show,WORK_OF_ART,0.0013262056,show
2,Two,suffering,EVENT,0.0013186936,suffering
2,Two,hundreds,OTHER,0.0013168148,hundreds
2,Two,stories,WORK_OF_ART,0.0013168148,stories
2,Two,solution,OTHER,0.0013159835,solution
2,Two,research,OTHER,0.0013159835,research
2,Two,employers,ORGANIZATION,0.0013151931,employers
2,Two,caste,OTHER,0.0013145535,caste
2,Two,chance,OTHER,0.0013131389,chance
2,Two,decision,OTHER,0.0013110208,decision
2,Two,anywhere,LOCATION,0.0013094833,anywhere
2,Two,trauma,OTHER,0.0013034559,trauma
2,Two,data,OTHER,0.0012998796,data
2,Two,diaspora,OTHER,0.0012990491,diaspora
2,Two,vote,EVENT,0.0012815418,vote
2,Two,vote,OTHER,0.0012807904,vote
2,Two,comment,WORK_OF_ART,0.0012515829,comment
2,Two,caste discrimination,OTHER,0.001248208,caste discrimination
2,Two,caste system,OTHER,0.001207832,caste system
2,Two,progress,OTHER,0.0012046028,progress
2,Two,logic,OTHER,0.0012039974,logic
2,Two,men,PERSON,0.0012034161,men
2,Two,questioning,EVENT,0.0012023185,questioning
2,Two,line,OTHER,0.0012023185,line
2,Two,Coalition,ORGANIZATION,0.0012023185,Coalition
2,Two,population,PERSON,0.001188137,population
2,Two,support,OTHER,0.0011623894,support
2,Two,B.R.,PERSON,0.0011537259,B.R.
2,Two,Yogesh Mane,CONSUMER_GOOD,0.00114867,Yogesh Mane
2,Two,Indian American,PERSON,0.0010318881,Indian American
2,Two,deliberations,OTHER,0.0010258998,deliberations
2,Two,one,PERSON,0.0010256094,one
2,Two,birth,EVENT,0.0010256094,birth
2,Two,rule,OTHER,0.0010253256,rule
2,Two,rule,OTHER,0.0010247767,rule
2,Two,caste identity,OTHER,0.0010101945,caste identity
2,Two,majority,PERSON,0.0009883209,majority
2,Two,California,LOCATION,0.0009639187,California
2,Two,North America,LOCATION,0.00095252605,North America
2,Two,wind gusts,OTHER,0.00090153253,wind gusts
2,Two,temperatures,OTHER,0.00090153253,temperatures
2,Two,person,PERSON,0.000901265,person
2,Two,half,OTHER,0.0009010039,half
2,Two,origins,OTHER,0.0009007489,origins
2,Two,hierarchy,OTHER,0.0009007489,hierarchy
2,Two,occupation,OTHER,0.0009007489,occupation
2,Two,caste pyramid,OTHER,0.0009002559,caste pyramid
2,Two,bottom,OTHER,0.0009002559,bottom
2,Two,independence,EVENT,0.00090001756,independence
2,Two,nation,LOCATION,0.00090001756,nation
2,Two,discrimination,OTHER,0.0008567101,discrimination
2,Two,university systems,OTHER,0.00084358745,university systems
2,Two,caste,OTHER,0.00082623196,caste
2,Two,Nelson,PERSON,0.00082081795,Nelson
2,Two,San Francisco Bay Area,LOCATION,0.0008074813,San Francisco Bay Area
2,Two,caste protections,OTHER,0.0007996987,caste protections
2,Two,group,ORGANIZATION,0.0007858059,group
2,Two,discrimination,OTHER,0.0007856642,discrimination
2,Two,colleges,ORGANIZATION,0.0007854189,colleges
2,Two,college,ORGANIZATION,0.0007852311,college
2,Two,student workers,PERSON,0.0007848662,student workers
2,Two,Equality Labs,ORGANIZATION,0.0007720722,Equality Labs
2,Two,Oakland,LOCATION,0.0007720722,Oakland
2,Two,community,OTHER,0.0007215352,community
2,Two,nondiscrimination policy,OTHER,0.0007161328,nondiscrimination policy
2,Two,part,OTHER,0.00071580004,part
2,Two,Atlanta,LOCATION,0.0007097337,Atlanta
2,Two,C.H.,OTHER,0.00070944714,C.H.
2,Two,British,LOCATION,0.00068423955,"British, British"
2,Two,ordinance,OTHER,0.00068320025,ordinance
2,Two,ordinance,OTHER,0.00065914646,ordinance
2,Two,census,OTHER,0.0006294012,census
2,Two,roots,OTHER,0.0006292446,roots
2,Two,measures,OTHER,0.0006287932,measures
2,Two,graduate student union,ORGANIZATION,0.00062864844,graduate student union
2,Two,contract,OTHER,0.00062864844,contract
2,Two,member,PERSON,0.0005619254,member
2,Two,Brandeis University,ORGANIZATION,0.0005549341,Brandeis University
2,Two,Brown University,ORGANIZATION,0.00055480393,Brown University
2,Two,Muslim,OTHER,0.0005319981,Muslim
2,Two,California State University System,ORGANIZATION,0.00049813546,California State University System
2,Two,law,OTHER,0.00049335166,law
2,Two,businesses,ORGANIZATION,0.00048718182,businesses
2,Two,Colby College,ORGANIZATION,0.00046378336,Colby College
2,Two,area,LOCATION,0.00045007438,area
2,Two,ramifications,OTHER,0.00039623588,ramifications
2,Two,religion,OTHER,0.00039579876,religion
2,Two,Bangladesh,LOCATION,0.00037173167,Bangladesh
2,Two,Bhutan,LOCATION,0.00037173167,Bhutan
2,Two,Nepal,LOCATION,0.00037173167,Nepal
2,Two,Sri Lanka,LOCATION,0.00037173167,Sri Lanka
2,Two,Pakistan,LOCATION,0.00037173167,Pakistan
2,Two,Boston,LOCATION,0.00037155216,Boston
2,Two,"University of California, Davis",ORGANIZATION,0.000371465,"University of California, Davis"
2,Two,1948,DATE,0,1948
2,Two,1980,DATE,0,1980
2,Two,2021,DATE,0,2021
2,Two,2010,DATE,0,2010
2,Two,December 2019,DATE,0,December 2019
2,Two,2021,DATE,0,2021
2,Two,6,NUMBER,0,6
2,Two,5.4 million,NUMBER,0,5.4 million
2,Two,100,NUMBER,0,100
2,Two,2019,NUMBER,0,2019
2,Two,"4,000",NUMBER,0,"4,000"
2,Two,1,NUMBER,0,1
2,Two,"3,000",NUMBER,0,"3,000"
2,Two,1980,NUMBER,0,1980
2,Two,3.5 million,NUMBER,0,3.5 million
2,Two,2021,NUMBER,0,2021
2,Two,300,NUMBER,0,300
2,Two,1948,NUMBER,0,1948
2,Two,2.7 million,NUMBER,0,2.7 million
2,Two,"206,000",NUMBER,0,"206,000"
2,Two,2021,NUMBER,0,2021
2,Two,200,NUMBER,0,200
2,Two,2010,NUMBER,0,2010
2,Two,"2,000",NUMBER,0,"2,000"
2,Two,one,NUMBER,0,one
2,Two,three,NUMBER,0,three
3,Three,history,OTHER,0.25588137,"history, history, history"
3,Three,word,OTHER,0.1078483,word
3,Three,Danielle Ren Holley,PERSON,0.041763976,"Danielle Ren Holley, woman"
3,Three,history,OTHER,0.025872959,history
3,Three,history,OTHER,0.021347672,history
3,Three,narration,OTHER,0.019819764,narration
3,Three,contributions,OTHER,0.016991407,contributions
3,Three,sports person,PERSON,0.016448133,sports person
3,Three,books,WORK_OF_ART,0.0155031765,books
3,Three,classroom discussions,OTHER,0.0155031765,classroom discussions
3,Three,nation,LOCATION,0.0155031765,nation
3,Three,Black History,OTHER,0.014764813,"history, Black History"
3,Three,legislation,WORK_OF_ART,0.014663507,legislation
3,Three,people,PERSON,0.013623332,people
3,Three,breadth,OTHER,0.013623332,breadth
3,Three,depth,OTHER,0.013623332,depth
3,Three,stories,WORK_OF_ART,0.013304664,"stories, stories"
3,Three,history,OTHER,0.011714271,history
3,Three,Black,PERSON,0.011296241,"Black, Black, Black, Black, Black"
3,Three,America,LOCATION,0.010801715,America
3,Three,African-Americans,PERSON,0.010801715,"African-Americans, Black Americans, Americans, African American"
3,Three,men,PERSON,0.01001678,men
3,Three,nothing,OTHER,0.009613381,nothing
3,Three,decision-makers,PERSON,0.008842368,decision-makers
3,Three,The 1619 Project,WORK_OF_ART,0.008021549,The 1619 Project
3,Three,way,OTHER,0.007945623,way
3,Three,men,PERSON,0.007673608,men
3,Three,LeBron James,PERSON,0.006877904,"LeBron James, Basketball superstar"
3,Three,history,OTHER,0.006591703,history
3,Three,contributions,OTHER,0.00641054,contributions
3,Three,history,OTHER,0.0060055465,history
3,Three,some,PERSON,0.0059447866,some
3,Three,series,OTHER,0.005847335,series
3,Three,series,WORK_OF_ART,0.005847335,series
3,Three,legacy,OTHER,0.005136402,legacy
3,Three,name,OTHER,0.005136402,name
3,Three,country,LOCATION,0.005136402,country
3,Three,center,LOCATION,0.0051042354,center
3,Three,conversation,EVENT,0.0051042354,conversation
3,Three,Ron DeSantis,PERSON,0.004722798,"Ron DeSantis, Governor"
3,Three,teams,ORGANIZATION,0.0047082487,teams
3,Three,history,OTHER,0.0045135836,history
3,Three,teams,ORGANIZATION,0.0042883363,teams
3,Three,time,EVENT,0.004267,time
3,Three,story,OTHER,0.003945496,story
3,Three,team,ORGANIZATION,0.0039419006,team
3,Three,quarterbacks,PERSON,0.003940063,quarterbacks
3,Three,classrooms,LOCATION,0.00393543,classrooms
3,Three,discussions,OTHER,0.0039303475,discussions
3,Three,interviews,WORK_OF_ART,0.0039261426,interviews
3,Three,Time,WORK_OF_ART,0.0037898943,Time
3,Three,notice,OTHER,0.0037720478,notice
3,Three,sports analysts,PERSON,0.003725923,sports analysts
3,Three,intellect,OTHER,0.0035953333,intellect
3,Three,books,WORK_OF_ART,0.003589431,books
3,Three,news,OTHER,0.0035820454,news
3,Three,Super Bowl,EVENT,0.0035080842,"Super Bowl, Super Bowl"
3,Three,media platform,OTHER,0.0034522314,media platform
3,Three,profiles,OTHER,0.0034485373,profiles
3,Three,each,OTHER,0.0034485373,each
3,Three,importance,OTHER,0.0034485373,importance
3,Three,pride,OTHER,0.0034485373,pride
3,Three,attention,OTHER,0.0034234014,attention
3,Three,football,OTHER,0.0034234014,football
3,Three,game,EVENT,0.0034234014,game
3,Three,fans,PERSON,0.003163926,fans
3,Three,loop,OTHER,0.0031608113,loop
3,Three,players,PERSON,0.00315793,players
3,Three,history,OTHER,0.0031504643,history
3,Three,person,PERSON,0.0031499679,person
3,Three,Hulu,OTHER,0.0030361258,Hulu
3,Three,New York,LOCATION,0.0030361258,New York
3,Three,colleges,ORGANIZATION,0.0029554907,colleges
3,Three,one,OTHER,0.0026955735,one
3,Three,history makers,PERSON,0.0026925572,history makers
3,Three,women,PERSON,0.0023661964,women
3,Three,others,PERSON,0.0023661964,others
3,Three,record,OTHER,0.002364902,record
3,Three,sports highlight,OTHER,0.002364902,sports highlight
3,Three,Jalen Hurts,PERSON,0.0023255912,Jalen Hurts
3,Three,context,OTHER,0.0020648905,context
3,Three,Kansas City Chiefs,ORGANIZATION,0.0020425632,Kansas City Chiefs
3,Three,Philadelphia Eagles,ORGANIZATION,0.0020425632,Philadelphia Eagles
3,Three,Dad,PERSON,0.0020359769,Dad
3,Three,list,OTHER,0.0020286802,list
3,Three,spot,OTHER,0.0019183595,spot
3,Three,scoring list,OTHER,0.0018842363,scoring list
3,Three,Daddy,PERSON,0.0018661732,Daddy
3,Three,Florida,LOCATION,0.0018645888,Florida
3,Three,quarterback,PERSON,0.0017608,quarterback
3,Three,achievements,OTHER,0.0016540267,achievements
3,Three,stone,OTHER,0.0016531957,stone
3,Three,Patrick Mahomes,PERSON,0.0014547635,"Patrick Mahomes, Mahomes"
3,Three,Seven Sisters,PERSON,0.0013989573,Seven Sisters
3,Three,Massachusetts,LOCATION,0.0013981563,Massachusetts
3,Three,Wellesley,LOCATION,0.0013981563,Wellesley
3,Three,Smith,PERSON,0.0013981563,Smith
3,Three,Kareem Abul Jabbar,PERSON,0.0013973912,Kareem Abul Jabbar
3,Three,college,ORGANIZATION,0.0012962545,college
3,Three,some,OTHER,0.001253824,some
3,Three,words,OTHER,0.001183737,words
3,Three,American,LOCATION,0.00111216,American
3,Three,bias,OTHER,0.0010403605,bias
3,Three,triumph,EVENT,0.0010403605,triumph
3,Three,talent,OTHER,0.0010403605,talent
3,Three,kids,PERSON,0.0010403605,kids
3,Three,classroom walls,OTHER,0.0010389365,classroom walls
3,Three,firsts,OTHER,0.0010389365,firsts
3,Three,president,PERSON,0.0010382805,president
3,Three,home,LOCATION,0.0010382805,home
3,Three,NBA,ORGANIZATION,0.0009777662,NBA
3,Three,Black History Month,EVENT,0.0009767627,Black History Month
3,Three,Mount Holyoke College,ORGANIZATION,0.00076583464,Mount Holyoke College
3,Three,Hurts,ORGANIZATION,0.00069888297,Hurts
3,Three,Lift Every Voice and Sing,WORK_OF_ART,0.00061419816,"Lift Every Voice and Sing, Negro National Anthem"
3,Three,Two,NUMBER,0,Two
3,Three,one,NUMBER,0,one
3,Three,1619,NUMBER,0,1619
3,Three,186,NUMBER,0,186
3,Three,56,NUMBER,0,56
3,Three,Seven,NUMBER,0,Seven
3,Three,one,NUMBER,0,one
4,Four,Scott Adams,PERSON,0.38516176,"Scott Adams, creator, Adams, Adams, Adams, Adams, Adams, Adams, Adams, Adams"
4,Four,Dilbert,OTHER,0.20854348,"Dilbert, Dilbert, Dilbert, Dilbert, comic, Dilbert, Dilbert, Dilbert, Dilbert"
4,Four,people,PERSON,0.050446622,"people, people"
4,Four,people,PERSON,0.045806535,people
4,Four,hate group,ORGANIZATION,0.03635712,hate group
4,Four,members,PERSON,0.028164197,"members, members"
4,Four,creator,PERSON,0.024800088,creator
4,Four,Andrews McMeel Syndication,ORGANIZATION,0.015955836,Andrews McMeel Syndication
4,Four,media publishers,ORGANIZATION,0.014248423,media publishers
4,Four,remarks,OTHER,0.011864686,remarks
4,Four,comic strip,WORK_OF_ART,0.011655751,comic strip
4,Four,backlash,OTHER,0.011655751,backlash
4,Four,cancellations,OTHER,0.010249526,cancellations
4,Four,comments,WORK_OF_ART,0.0073580607,comments
4,Four,Black,PERSON,0.0071188556,"Black, Black"
4,Four,people,PERSON,0.0056059742,people
4,Four,survey,OTHER,0.0055255736,survey
4,Four,creator,PERSON,0.005392191,"creator, creator"
4,Four,Real Coffee with Scott Adams,WORK_OF_ART,0.0051667057,"show, Real Coffee with Scott Adams"
4,Four,work,OTHER,0.0049371347,work
4,Four,people,PERSON,0.004854632,people
4,Four,decision,OTHER,0.0042102113,decision
4,Four,group,ORGANIZATION,0.003857333,group
4,Four,platform,OTHER,0.0037691605,platform
4,Four,San Antonio Express-News,ORGANIZATION,0.0031141795,San Antonio Express-News
4,Four,U.S.,LOCATION,0.0029217612,U.S.
4,Four,comment,WORK_OF_ART,0.002778336,comment
4,Four,USA Today Network,ORGANIZATION,0.0025558956,USA Today Network
4,Four,social media,OTHER,0.0024863414,social media
4,Four,backlash,OTHER,0.0021013203,backlash
4,Four,episode,WORK_OF_ART,0.0021013203,episode
4,Four,Plain Dealer,ORGANIZATION,0.0019860987,"Plain Dealer, The Plain Dealer"
4,Four,people,PERSON,0.0019493725,people
4,Four,people,PERSON,0.0019362805,people
4,Four,requests,OTHER,0.0018616512,requests
4,Four,culture,OTHER,0.0018499934,culture
4,Four,hate group,ORGANIZATION,0.0017801533,hate group
4,Four,hate group,ORGANIZATION,0.0017801533,hate group
4,Four,Chris Quinn,PERSON,0.0017504499,"Chris Quinn, editor"
4,Four,comments,WORK_OF_ART,0.0017087514,comments
4,Four,things,OTHER,0.0016810135,things
4,Four,group,PERSON,0.0016280442,group
4,Four,hell,OTHER,0.0016003109,hell
4,Four,members,PERSON,0.0015465603,members
4,Four,advice,OTHER,0.0015048516,advice
4,Four,show,WORK_OF_ART,0.00143298,show
4,Four,show,WORK_OF_ART,0.0014314469,show
4,Four,Christopher Kelly,PERSON,0.0013566396,"Christopher Kelly, vice president of content, Kelly"
4,Four,point,OTHER,0.001329232,point
4,Four,episode,WORK_OF_ART,0.0013056019,episode
4,Four,discrimination,OTHER,0.0013056019,discrimination
4,Four,comments,WORK_OF_ART,0.0012855505,comments
4,Four,community,OTHER,0.0012836888,community
4,Four,way,OTHER,0.0012512632,way
4,Four,topics,OTHER,0.0012428545,topics
4,Four,statement,WORK_OF_ART,0.0012428545,statement
4,Four,respondents,PERSON,0.0012408142,respondents
4,Four,26%,OTHER,0.0012408142,26%
4,Four,supremacists,PERSON,0.0012390172,supremacists
4,Four,discussion forum,OTHER,0.0012390172,discussion forum
4,Four,trolling campaign,EVENT,0.0012390172,trolling campaign
4,Four,phrase,OTHER,0.0012390172,phrase
4,Four,part,OTHER,0.0012375866,part
4,Four,media,OTHER,0.0011534971,media
4,Four,everyone,PERSON,0.001146771,everyone
4,Four,individual,PERSON,0.001146771,individual
4,Four,YouTube,OTHER,0.0010911047,YouTube
4,Four,publications,WORK_OF_ART,0.0009795658,publications
4,Four,news organization,ORGANIZATION,0.000978877,news organization
4,Four,principles,OTHER,0.0008597622,principles
4,Four,home,LOCATION,0.000759682,home
4,Four,Black Americans,PERSON,0.0007403416,Black Americans
4,Four,Rasmussen Reports,ORGANIZATION,0.0007345018,Rasmussen Reports
4,Four,Anti-Defamation League,ORGANIZATION,0.00072327454,Anti-Defamation League
4,Four,ideas,OTHER,0.0006837216,ideas
4,Four,ideas,OTHER,0.0006833302,ideas
4,Four,Los Angeles Times,ORGANIZATION,0.0006764094,Los Angeles Times
4,Four,racism,OTHER,0.0006012436,racism
4,Four,support,OTHER,0.00060086406,support
4,Four,exchange,OTHER,0.00060050323,exchange
4,Four,line,OTHER,0.0006001594,line
4,Four,hate speech,OTHER,0.0006001594,hate speech
4,Four,comments,WORK_OF_ART,0.00056401524,comments
4,Four,others,PERSON,0.0005506815,others
4,Four,part,OTHER,0.0005500952,part
4,Four,Cleveland,LOCATION,0.0005083873,Cleveland
4,Four,NJ Advance Media,ORGANIZATION,0.00047575662,NJ Advance Media
4,Four,advance,OTHER,0.00047190915,advance
4,Four,run,EVENT,0.000466009,run
4,Four,comics,WORK_OF_ART,0.00043038846,comics
4,Four,editions,WORK_OF_ART,0.00043038846,editions
4,Four,comic strip,OTHER,0.000430023,comic strip
4,Four,news organization,ORGANIZATION,0.00041271426,news organization
4,Four,Hearst Newspapers,ORGANIZATION,0.00029920356,Hearst Newspapers
4,Four,2017,DATE,0,2017
4,Four,March 12,DATE,0,March 12
4,Four,4,NUMBER,0,4
4,Four,12,NUMBER,0,12
4,Four,2017,NUMBER,0,2017
4,Four,26,NUMBER,0,26
5,Five,Kwasi Kwaa,PERSON,0.5644064,"Kwasi Kwaa, chef, person, Kwaa, Kwaa, Kwaa"
5,Five,people,PERSON,0.040785395,people
5,Five,Enslaved Africans,PERSON,0.040176243,Enslaved Africans
5,Five,food,OTHER,0.028998218,food
5,Five,West African,LOCATION,0.015928386,"African, African, West African"
5,Five,Anthony ``Tony'' Brooks,PERSON,0.0153819155,"Anthony ""Tony"" Brooks, chef, Brooks, Brooks, Brooks"
5,Five,people,PERSON,0.015096159,people
5,Five,traditions,OTHER,0.013054909,traditions
5,Five,diaspora,PERSON,0.013054909,diaspora
5,Five,Basic Black,OTHER,0.012691139,"Basic Black, Basic Black"
5,Five,chefs,PERSON,0.012064094,chefs
5,Five,soul food,CONSUMER_GOOD,0.011651823,soul food
5,Five,forms,OTHER,0.011478856,forms
5,Five,fried chicken,OTHER,0.0083289845,"fried chicken, home cooking"
5,Five,traditions,OTHER,0.008236077,traditions
5,Five,recipes,WORK_OF_ART,0.007365412,recipes
5,Five,cooking,OTHER,0.0068942034,cooking
5,Five,conditions,OTHER,0.005527431,conditions
5,Five,farming,OTHER,0.005527431,farming
5,Five,heritage,OTHER,0.0055000074,heritage
5,Five,crops,OTHER,0.0055000074,crops
5,Five,techniques,OTHER,0.0055000074,techniques
5,Five,cheese,OTHER,0.0054238886,"cheese, cheese"
5,Five,African American,PERSON,0.0046203015,"African American, African American"
5,Five,creativity,OTHER,0.004340721,creativity
5,Five,cuisine,OTHER,0.004203341,cuisine
5,Five,Coast Café,LOCATION,0.00385215,Coast Café
5,Five,things,OTHER,0.00356964,things
5,Five,foods,OTHER,0.003401354,foods
5,Five,Americas,LOCATION,0.0032706764,Americas
5,Five,recipes,WORK_OF_ART,0.0032254655,recipes
5,Five,heart,OTHER,0.00301449,heart
5,Five,foods,OTHER,0.002959112,foods
5,Five,recipes,OTHER,0.0027831818,recipes
5,Five,explosion,EVENT,0.0024554755,explosion
5,Five,food,OTHER,0.0023957356,food
5,Five,food,OTHER,0.0023922685,food
5,Five,communities,PERSON,0.0023722695,communities
5,Five,restaurant owners,PERSON,0.0023638927,restaurant owners
5,Five,community,OTHER,0.0023574156,community
5,Five,partner,PERSON,0.0023521364,partner
5,Five,some,OTHER,0.0023049016,some
5,Five,globe,LOCATION,0.0020764684,globe
5,Five,corners,OTHER,0.0020764684,corners
5,Five,foods,OTHER,0.002074375,foods
5,Five,flavors,OTHER,0.0020707776,flavors
5,Five,foodways,OTHER,0.0019930252,foodways
5,Five,people,PERSON,0.001973645,people
5,Five,food,OTHER,0.0019710867,food
5,Five,people,PERSON,0.0018223147,people
5,Five,elements,OTHER,0.0017915246,elements
5,Five,guests,PERSON,0.0017157482,guests
5,Five,Paula Austin,PERSON,0.0017106964,"Paula Austin, assistant professor"
5,Five,Black,PERSON,0.0016454591,Black
5,Five,lots,OTHER,0.0016074872,lots
5,Five,mac,CONSUMER_GOOD,0.0015992022,mac
5,Five,career,OTHER,0.0015984566,career
5,Five,signature mac,OTHER,0.0015978452,signature mac
5,Five,things,OTHER,0.001592809,things
5,Five,recipe,WORK_OF_ART,0.0015883206,recipe
5,Five,career,OTHER,0.0015789107,career
5,Five,eaters,PERSON,0.0014878177,eaters
5,Five,owner,PERSON,0.0014599278,owner
5,Five,tastes,OTHER,0.0014234469,tastes
5,Five,paradigm shift,OTHER,0.0014021834,paradigm shift
5,Five,television,OTHER,0.0014005399,television
5,Five,help,OTHER,0.0014005399,help
5,Five,terms,OTHER,0.0013990412,terms
5,Five,folks,PERSON,0.0013990412,folks
5,Five,food shows,EVENT,0.0013990412,food shows
5,Five,horizons,OTHER,0.0013990412,horizons
5,Five,forefront,OTHER,0.0013937686,forefront
5,Five,jerk seasoning,OTHER,0.0013911272,jerk seasoning
5,Five,jackfruit sliders,OTHER,0.0013911272,jackfruit sliders
5,Five,set,OTHER,0.0013911272,set
5,Five,classics,WORK_OF_ART,0.0013636865,classics
5,Five,preparations,OTHER,0.0013258279,preparations
5,Five,Comfort Kitchen,LOCATION,0.001221262,Comfort Kitchen
5,Five,Dorchester,LOCATION,0.001221262,Dorchester
5,Five,cheese,OTHER,0.0011997307,cheese
5,Five,region,LOCATION,0.00109491,region
5,Five,region,LOCATION,0.00109491,region
5,Five,state,LOCATION,0.0010942189,state
5,Five,part,OTHER,0.0010942189,part
5,Five,state,LOCATION,0.0010942189,state
5,Five,world,LOCATION,0.00096106133,world
5,Five,Boston,LOCATION,0.00093779725,Boston
5,Five,roast chicken,OTHER,0.0008913433,roast chicken
5,Five,Mac,CONSUMER_GOOD,0.0008739912,Mac
5,Five,dishes,OTHER,0.00086551456,dishes
5,Five,Ghana,LOCATION,0.00082075124,Ghana
5,Five,French,LOCATION,0.00081956206,French
5,Five,Italian,LOCATION,0.00081956206,Italian
5,Five,Austin,PERSON,0.000810207,"Austin, Austin"
5,Five,Cambridge,LOCATION,0.000757769,Cambridge
5,Five,plantains,OTHER,0.0007139901,plantains
5,Five,chicken stock,OTHER,0.0007139901,chicken stock
5,Five,plate,CONSUMER_GOOD,0.00067173113,plate
5,Five,steak,OTHER,0.0006713636,steak
5,Five,potatoes,OTHER,0.0006713636,potatoes
5,Five,home cooking,OTHER,0.00063427817,home cooking
5,Five,side dish,OTHER,0.0006156946,side dish
5,Five,people,PERSON,0.000585361,people
5,Five,segment,OTHER,0.0005060661,segment
5,Five,heart,OTHER,0.00048055878,heart
5,Five,artist,PERSON,0.00042205487,artist
5,Five,art,WORK_OF_ART,0.0004217579,art
5,Five,diaspora studies,OTHER,0.0004214772,diaspora studies
5,Five,history,OTHER,0.0004214772,history
5,Five,customers,PERSON,0.0004120948,customers
5,Five,Indigenous,OTHER,0.00039710585,Indigenous
5,Five,Boston University,ORGANIZATION,0.0002490018,Boston University
5,Five,one,NUMBER,0,one
5,Five,one,NUMBER,0,one
